<?xml version="1.0" encoding="UTF-8"?>
<mule version="EE-3.8.3" xmlns="http://www.mulesoft.org/schema/mule/core" xmlns:apikit="http://www.mulesoft.org/schema/mule/apikit" xmlns:doc="http://www.mulesoft.org/schema/mule/documentation" xmlns:http="http://www.mulesoft.org/schema/mule/http" xmlns:spring="http://www.springframework.org/schema/beans" xmlns:xsi="http://www.w3.org/2001/XMLSchema-instance" xsi:schemaLocation="http://www.mulesoft.org/schema/mule/core http://www.mulesoft.org/schema/mule/core/current/mule.xsd http://www.mulesoft.org/schema/mule/http http://www.mulesoft.org/schema/mule/http/current/mule-http.xsd http://www.mulesoft.org/schema/mule/apikit http://www.mulesoft.org/schema/mule/apikit/current/mule-apikit.xsd http://www.springframework.org/schema/beans http://www.springframework.org/schema/beans/spring-beans-3.1.xsd">
    <http:listener-config doc:name="HTTP Listener Configuration" host="0.0.0.0" name="currency-httpListenerConfig" port="${http.port}"/>
    <apikit:config consoleEnabled="true" consolePath="console" doc:name="Router" name="currency-config" raml="currency.raml"/>
    <apikit:mapping-exception-strategy name="currency-apiKitGlobalExceptionMapping">
        <apikit:mapping statusCode="404">
            <apikit:exception value="org.mule.module.apikit.exception.NotFoundException"/>
            <set-property doc:name="Property" propertyName="Content-Type" value="application/json"/>
            <set-payload doc:name="Set Payload" value="{ &quot;message&quot;: &quot;Resource not found&quot; }"/>
        </apikit:mapping>
        <apikit:mapping statusCode="405">
            <apikit:exception value="org.mule.module.apikit.exception.MethodNotAllowedException"/>
            <set-property doc:name="Property" propertyName="Content-Type" value="application/json"/>
            <set-payload doc:name="Set Payload" value="{ &quot;message&quot;: &quot;Method not allowed&quot; }"/>
        </apikit:mapping>
        <apikit:mapping statusCode="415">
            <apikit:exception value="org.mule.module.apikit.exception.UnsupportedMediaTypeException"/>
            <set-property doc:name="Property" propertyName="Content-Type" value="application/json"/>
            <set-payload doc:name="Set Payload" value="{ &quot;message&quot;: &quot;Unsupported media type&quot; }"/>
        </apikit:mapping>
        <apikit:mapping statusCode="406">
            <apikit:exception value="org.mule.module.apikit.exception.NotAcceptableException"/>
            <set-property doc:name="Property" propertyName="Content-Type" value="application/json"/>
            <set-payload doc:name="Set Payload" value="{ &quot;message&quot;: &quot;Not acceptable&quot; }"/>
        </apikit:mapping>
        <apikit:mapping statusCode="400">
            <apikit:exception value="org.mule.module.apikit.exception.BadRequestException"/>
            <set-property doc:name="Property" propertyName="Content-Type" value="application/json"/>
            <set-payload doc:name="Set Payload" value="{ &quot;message&quot;: &quot;Bad request&quot; }"/>
        </apikit:mapping>
    </apikit:mapping-exception-strategy>
    <flow name="currency-main">
        <http:listener config-ref="currency-httpListenerConfig" doc:name="HTTP" path="/api/*"/>
        <apikit:router config-ref="currency-config" doc:name="APIkit Router"/>
        <exception-strategy doc:name="Reference Exception Strategy" ref="currency-apiKitGlobalExceptionMapping"/>
    </flow>
    <flow name="get:/currencies:currency-config">
        <parse-template doc:name="Parse Template" location="currency.json"/>
    </flow>
</mule>