<custom__type__definition>
  <version>5.2.0.0</version>
  <typeName class="org.mule.common.metadata.DefaultMetaDataKey">
    <id>ordersXML</id>
    <displayName>ordersXML</displayName>
    <category>DEFAULT</category>
    <metaDataKeyPropertiesManager>
      <properties>
        <org.mule.common.metadata.key.property.dsql.DsqlFromMetaDataKeyProperty/>
      </properties>
    </metaDataKeyPropertiesManager>
  </typeName>
  <metadataModel class="org.mule.common.metadata.DefaultXmlMetaDataModel">
    <dataType>XML</dataType>
    <metaDataModelPropertiesManager>
      <properties>
        <org.mule.common.metadata.property.TextBasedExampleMetaDataModelProperty/>
        <org.mule.common.metadata.property.xml.SchemaTypeMetaDataProperty>
          <typeQName>
            <namespaceURI></namespaceURI>
            <localPart>ordersType</localPart>
            <prefix></prefix>
          </typeQName>
        </org.mule.common.metadata.property.xml.SchemaTypeMetaDataProperty>
      </properties>
    </metaDataModelPropertiesManager>
    <fields>
      <org.mule.common.metadata.DefaultMetaDataField>
        <name>order</name>
        <model class="org.mule.common.metadata.DefaultXmlMetaDataModel">
          <dataType>XML</dataType>
          <metaDataModelPropertiesManager>
            <properties>
              <org.mule.common.metadata.property.xml.SchemaTypeMetaDataProperty>
                <typeQName>
                  <namespaceURI></namespaceURI>
                  <localPart>orderType</localPart>
                  <prefix></prefix>
                </typeQName>
              </org.mule.common.metadata.property.xml.SchemaTypeMetaDataProperty>
            </properties>
          </metaDataModelPropertiesManager>
          <fields>
            <org.mule.common.metadata.DefaultMetaDataField>
              <name>orderId</name>
              <model class="org.mule.common.metadata.DefaultSimpleMetaDataModel">
                <dataType>STRING</dataType>
                <metaDataModelPropertiesManager>
                  <properties>
                    <org.mule.common.metadata.property.xml.SchemaTypeMetaDataProperty>
                      <typeQName>
                        <namespaceURI>http://www.w3.org/2001/XMLSchema</namespaceURI>
                        <localPart>string</localPart>
                        <prefix></prefix>
                      </typeQName>
                    </org.mule.common.metadata.property.xml.SchemaTypeMetaDataProperty>
                  </properties>
                </metaDataModelPropertiesManager>
              </model>
              <accessType>READ_WRITE</accessType>
              <metaDataFieldPropertyManager>
                <properties>
                  <org.mule.common.metadata.property.QNameMetaDataProperty>
                    <name>
                      <namespaceURI></namespaceURI>
                      <localPart>orderId</localPart>
                      <prefix></prefix>
                    </name>
                  </org.mule.common.metadata.property.QNameMetaDataProperty>
                </properties>
              </metaDataFieldPropertyManager>
            </org.mule.common.metadata.DefaultMetaDataField>
            <org.mule.common.metadata.DefaultMetaDataField>
              <name>name</name>
              <model class="org.mule.common.metadata.DefaultSimpleMetaDataModel">
                <dataType>STRING</dataType>
                <metaDataModelPropertiesManager>
                  <properties>
                    <org.mule.common.metadata.property.xml.SchemaTypeMetaDataProperty>
                      <typeQName reference="../../../../../../org.mule.common.metadata.DefaultMetaDataField/model/metaDataModelPropertiesManager/properties/org.mule.common.metadata.property.xml.SchemaTypeMetaDataProperty/typeQName"/>
                    </org.mule.common.metadata.property.xml.SchemaTypeMetaDataProperty>
                  </properties>
                </metaDataModelPropertiesManager>
              </model>
              <accessType>READ_WRITE</accessType>
              <metaDataFieldPropertyManager>
                <properties>
                  <org.mule.common.metadata.property.QNameMetaDataProperty>
                    <name>
                      <namespaceURI></namespaceURI>
                      <localPart>name</localPart>
                      <prefix></prefix>
                    </name>
                  </org.mule.common.metadata.property.QNameMetaDataProperty>
                </properties>
              </metaDataFieldPropertyManager>
            </org.mule.common.metadata.DefaultMetaDataField>
            <org.mule.common.metadata.DefaultMetaDataField>
              <name>units</name>
              <model class="org.mule.common.metadata.DefaultSimpleMetaDataModel">
                <dataType>STRING</dataType>
                <metaDataModelPropertiesManager>
                  <properties>
                    <org.mule.common.metadata.property.xml.SchemaTypeMetaDataProperty>
                      <typeQName reference="../../../../../../org.mule.common.metadata.DefaultMetaDataField/model/metaDataModelPropertiesManager/properties/org.mule.common.metadata.property.xml.SchemaTypeMetaDataProperty/typeQName"/>
                    </org.mule.common.metadata.property.xml.SchemaTypeMetaDataProperty>
                  </properties>
                </metaDataModelPropertiesManager>
              </model>
              <accessType>READ_WRITE</accessType>
              <metaDataFieldPropertyManager>
                <properties>
                  <org.mule.common.metadata.property.QNameMetaDataProperty>
                    <name>
                      <namespaceURI></namespaceURI>
                      <localPart>units</localPart>
                      <prefix></prefix>
                    </name>
                  </org.mule.common.metadata.property.QNameMetaDataProperty>
                </properties>
              </metaDataFieldPropertyManager>
            </org.mule.common.metadata.DefaultMetaDataField>
            <org.mule.common.metadata.DefaultMetaDataField>
              <name>pricePerUnit</name>
              <model class="org.mule.common.metadata.DefaultSimpleMetaDataModel">
                <dataType>STRING</dataType>
                <metaDataModelPropertiesManager>
                  <properties>
                    <org.mule.common.metadata.property.xml.SchemaTypeMetaDataProperty>
                      <typeQName reference="../../../../../../org.mule.common.metadata.DefaultMetaDataField/model/metaDataModelPropertiesManager/properties/org.mule.common.metadata.property.xml.SchemaTypeMetaDataProperty/typeQName"/>
                    </org.mule.common.metadata.property.xml.SchemaTypeMetaDataProperty>
                  </properties>
                </metaDataModelPropertiesManager>
              </model>
              <accessType>READ_WRITE</accessType>
              <metaDataFieldPropertyManager>
                <properties>
                  <org.mule.common.metadata.property.QNameMetaDataProperty>
                    <name>
                      <namespaceURI></namespaceURI>
                      <localPart>pricePerUnit</localPart>
                      <prefix></prefix>
                    </name>
                  </org.mule.common.metadata.property.QNameMetaDataProperty>
                </properties>
              </metaDataFieldPropertyManager>
            </org.mule.common.metadata.DefaultMetaDataField>
          </fields>
          <rootElement>
            <namespaceURI></namespaceURI>
            <localPart>orders</localPart>
            <prefix></prefix>
          </rootElement>
          <schemas class="org.mule.common.metadata.StringBasedSchemaProvider">
            <schemas>
              <string>&lt;xs:schema attributeFormDefault=&quot;unqualified&quot; elementFormDefault=&quot;qualified&quot; xmlns:xs=&quot;http://www.w3.org/2001/XMLSchema&quot;&gt;&#xd;
  &lt;xs:element name=&quot;orders&quot; type=&quot;ordersType&quot;/&gt;&#xd;
  &lt;xs:complexType name=&quot;orderType&quot;&gt;&#xd;
    &lt;xs:sequence&gt;&#xd;
      &lt;xs:element type=&quot;xs:string&quot; name=&quot;orderId&quot;/&gt;&#xd;
      &lt;xs:element type=&quot;xs:string&quot; name=&quot;name&quot;/&gt;&#xd;
      &lt;xs:element type=&quot;xs:string&quot; name=&quot;units&quot;/&gt;&#xd;
      &lt;xs:element type=&quot;xs:string&quot; name=&quot;pricePerUnit&quot;/&gt;&#xd;
    &lt;/xs:sequence&gt;&#xd;
  &lt;/xs:complexType&gt;&#xd;
  &lt;xs:complexType name=&quot;ordersType&quot;&gt;&#xd;
    &lt;xs:sequence&gt;&#xd;
      &lt;xs:element type=&quot;orderType&quot; name=&quot;order&quot;/&gt;&#xd;
    &lt;/xs:sequence&gt;&#xd;
  &lt;/xs:complexType&gt;&#xd;
&lt;/xs:schema&gt;</string>
            </schemas>
            <encoding>UTF-8</encoding>
          </schemas>
          <namespaceManager>
            <namespacePrefix/>
          </namespaceManager>
        </model>
        <accessType>READ_WRITE</accessType>
        <metaDataFieldPropertyManager>
          <properties>
            <org.mule.common.metadata.property.QNameMetaDataProperty>
              <name>
                <namespaceURI></namespaceURI>
                <localPart>order</localPart>
                <prefix></prefix>
              </name>
            </org.mule.common.metadata.property.QNameMetaDataProperty>
          </properties>
        </metaDataFieldPropertyManager>
      </org.mule.common.metadata.DefaultMetaDataField>
    </fields>
    <rootElement reference="../fields/org.mule.common.metadata.DefaultMetaDataField/model/rootElement"/>
    <schemas class="org.mule.common.metadata.StringBasedSchemaProvider">
      <schemas reference="../../fields/org.mule.common.metadata.DefaultMetaDataField/model/schemas/schemas"/>
      <encoding reference="../../fields/org.mule.common.metadata.DefaultMetaDataField/model/schemas/encoding"/>
    </schemas>
    <namespaceManager reference="../fields/org.mule.common.metadata.DefaultMetaDataField/model/namespaceManager"/>
  </metadataModel>
</custom__type__definition>