<?xml version="1.0" encoding="UTF-8"?>
<beans xmlns="http://www.springframework.org/schema/beans"
	xmlns:xsi="http://www.w3.org/2001/XMLSchema-instance" xmlns:int="http://www.springframework.org/schema/integration"
	xmlns:stream="http://www.springframework.org/schema/integration/stream"
	xmlns:int-kafka="http://www.springframework.org/schema/integration/kafka"
	xmlns:context="http://www.springframework.org/schema/context"
	xsi:schemaLocation="http://www.springframework.org/schema/integration/stream http://www.springframework.org/schema/integration/stream/spring-integration-stream.xsd
		http://www.springframework.org/schema/integration/kafka http://www.springframework.org/schema/integration/kafka/spring-integration-kafka.xsd
		http://www.springframework.org/schema/integration http://www.springframework.org/schema/integration/spring-integration.xsd
		http://www.springframework.org/schema/beans http://www.springframework.org/schema/beans/spring-beans.xsd
		http://www.springframework.org/schema/context http://www.springframework.org/schema/context/spring-context.xsd">

	<int:publish-subscribe-channel id="inputToKafka" />

	<int-kafka:outbound-channel-adapter
		kafka-producer-context-ref="kafkaProducerContext" auto-startup="true"
		channel="inputToKafka" order="1">
	</int-kafka:outbound-channel-adapter>

	<bean id="producerProperties"
		class="org.springframework.beans.factory.config.PropertiesFactoryBean">
		<property name="properties">
			<props>
				<prop key="topic.metadata.refresh.interval.ms">3600000</prop>
				<prop key="message.send.max.retries">5</prop>
				<prop key="send.buffer.bytes">5242880</prop>
			</props>
		</property>
	</bean>

	<bean id="flightEncoder"
		class="org.springframework.integration.kafka.serializer.avro.AvroReflectDatumBackedKafkaEncoder">
		<constructor-arg value="it.demo.kafka.springkafka.bean.Flight" />
	</bean>

	<int-kafka:producer-context id="kafkaProducerContext"
		producer-properties="producerProperties">
		<int-kafka:producer-configurations>
		
			<!--  Flight U22552 -->
			<int-kafka:producer-configuration
				broker-list="localhost:9092" key-class-type="java.lang.String"
				value-class-type="it.demo.kafka.springkafka.bean.Flight"
				value-encoder="flightEncoder" topic="U22552" compression-codec="none" />
				
			<!--  Flight U22780 -->
			<int-kafka:producer-configuration
				broker-list="localhost:9092" key-class-type="java.lang.String"
				value-class-type="it.demo.kafka.springkafka.bean.Flight"
				value-encoder="flightEncoder" topic="U22780" compression-codec="none" />
				
		</int-kafka:producer-configurations>
	</int-kafka:producer-context>
</beans>
