<beans xmlns="http://www.springframework.org/schema/beans"
	xmlns:xsi="http://www.w3.org/2001/XMLSchema-instance" xmlns:context="http://www.springframework.org/schema/context"
	xmlns:p="http://www.springframework.org/schema/p"
	xmlns:mongo="http://www.springframework.org/schema/data/mongo"
	xsi:schemaLocation="http://www.springframework.org/schema/beans
		http://www.springframework.org/schema/beans/spring-beans-3.0.xsd
		http://www.springframework.org/schema/data/mongo 
		http://www.springframework.org/schema/data/mongo/spring-mongo-1.0.xsd">
   
	<mongo:db-factory id="mongoDbFactory"
                  host="localhost"
                  port="27017"
                  dbname="kafkaflights"/>
    
    <bean id="mongoTemplate" class="org.springframework.data.mongodb.core.MongoTemplate">
		<constructor-arg name="mongoDbFactory" ref="mongoDbFactory" />
	</bean>

    <mongo:repositories  base-package="it.demo.kafka.springkafka.repo"  mongo-template-ref="mongoTemplate" /> 
<!--     
	<bean id="mongo" class="org.springframework.data.mongodb.core.MongoFactoryBean">
		<property name="host" value="localhost" />
		<property name="port" value="27017" />
	</bean>

	<bean id="mongoTemplate" class="org.springframework.data.mongodb.core.MongoTemplate">
		<constructor-arg name="mongo" ref="mongo" />
		<constructor-arg name="databaseName" value="kafkaflights" />
	</bean>
  -->
	<bean class="org.springframework.dao.annotation.PersistenceExceptionTranslationPostProcessor" />
  
	<bean id="dao" class="it.demo.kafka.springkafka.dao.MongoDao">
		<property name="mongoTemplate" ref="mongoTemplate" />
	</bean>

	
</beans>
