<custom__type__definition>
  <version>5.2.0.0</version>
  <typeName class="org.mule.common.metadata.DefaultMetaDataKey">
    <id>itemSupplyPlanSearchBasic</id>
    <displayName>itemSupplyPlanSearchBasic</displayName>
    <category>DEFAULT</category>
    <metaDataKeyPropertiesManager>
      <properties>
        <org.mule.common.metadata.key.property.dsql.DsqlFromMetaDataKeyProperty/>
      </properties>
    </metaDataKeyPropertiesManager>
  </typeName>
  <metadataModel class="org.mule.common.metadata.DefaultPojoMetaDataModel">
    <implementationClass>com.netsuite.webservices.platform.common.ItemSupplyPlanSearchBasic</implementationClass>
    <dataType>POJO</dataType>
    <metaDataModelPropertiesManager>
      <properties/>
    </metaDataModelPropertiesManager>
    <fields>
      <org.mule.common.metadata.DefaultMetaDataField>
        <name>customFieldList</name>
        <model class="org.mule.common.metadata.DefaultPojoMetaDataModel">
          <implementationClass>com.netsuite.webservices.platform.core.SearchCustomFieldList</implementationClass>
          <dataType>POJO</dataType>
          <metaDataModelPropertiesManager>
            <properties/>
          </metaDataModelPropertiesManager>
          <fields>
            <org.mule.common.metadata.DefaultMetaDataField>
              <name>customField</name>
              <model class="org.mule.common.metadata.DefaultListMetaDataModel">
                <dataType>LIST</dataType>
                <metaDataModelPropertiesManager>
                  <properties/>
                </metaDataModelPropertiesManager>
                <model class="org.mule.common.metadata.DefaultPojoMetaDataModel">
                  <implementationClass>com.netsuite.webservices.platform.core.SearchCustomField</implementationClass>
                  <dataType>POJO</dataType>
                  <metaDataModelPropertiesManager>
                    <properties/>
                  </metaDataModelPropertiesManager>
                  <fields>
                    <org.mule.common.metadata.DefaultMetaDataField>
                      <name>internalId</name>
                      <model class="org.mule.common.metadata.DefaultSimpleMetaDataModel">
                        <dataType>STRING</dataType>
                        <metaDataModelPropertiesManager>
                          <properties/>
                        </metaDataModelPropertiesManager>
                      </model>
                      <accessType>READ_WRITE</accessType>
                      <metaDataFieldPropertyManager>
                        <properties>
                          <org.mule.common.metadata.field.property.dsql.DsqlSelectMetaDataFieldProperty/>
                          <org.mule.common.metadata.field.property.dsql.DsqlWhereMetaDataFieldProperty/>
                          <org.mule.common.metadata.field.property.dsql.DsqlOrderMetaDataFieldProperty/>
                          <org.mule.common.metadata.field.property.dsql.DsqlQueryOperatorsMetaDataFieldProperty>
                            <supportedOperators>
                              <org.mule.common.query.expression.LessOperator/>
                              <org.mule.common.query.expression.LessOrEqualsOperator/>
                              <org.mule.common.query.expression.EqualsOperator/>
                              <org.mule.common.query.expression.GreaterOperator/>
                              <org.mule.common.query.expression.GreaterOrEqualsOperator/>
                              <org.mule.common.query.expression.NotEqualsOperator/>
                              <org.mule.common.query.expression.LikeOperator/>
                            </supportedOperators>
                          </org.mule.common.metadata.field.property.dsql.DsqlQueryOperatorsMetaDataFieldProperty>
                        </properties>
                      </metaDataFieldPropertyManager>
                    </org.mule.common.metadata.DefaultMetaDataField>
                    <org.mule.common.metadata.DefaultMetaDataField>
                      <name>scriptId</name>
                      <model class="org.mule.common.metadata.DefaultSimpleMetaDataModel">
                        <dataType>STRING</dataType>
                        <metaDataModelPropertiesManager>
                          <properties/>
                        </metaDataModelPropertiesManager>
                      </model>
                      <accessType>READ_WRITE</accessType>
                      <metaDataFieldPropertyManager>
                        <properties>
                          <org.mule.common.metadata.field.property.dsql.DsqlSelectMetaDataFieldProperty/>
                          <org.mule.common.metadata.field.property.dsql.DsqlWhereMetaDataFieldProperty/>
                          <org.mule.common.metadata.field.property.dsql.DsqlOrderMetaDataFieldProperty/>
                          <org.mule.common.metadata.field.property.dsql.DsqlQueryOperatorsMetaDataFieldProperty>
                            <supportedOperators>
                              <org.mule.common.query.expression.LessOperator/>
                              <org.mule.common.query.expression.LessOrEqualsOperator/>
                              <org.mule.common.query.expression.EqualsOperator/>
                              <org.mule.common.query.expression.GreaterOperator/>
                              <org.mule.common.query.expression.GreaterOrEqualsOperator/>
                              <org.mule.common.query.expression.NotEqualsOperator/>
                              <org.mule.common.query.expression.LikeOperator/>
                            </supportedOperators>
                          </org.mule.common.metadata.field.property.dsql.DsqlQueryOperatorsMetaDataFieldProperty>
                        </properties>
                      </metaDataFieldPropertyManager>
                    </org.mule.common.metadata.DefaultMetaDataField>
                  </fields>
                  <clazzName>com.netsuite.webservices.platform.core.SearchCustomField</clazzName>
                  <isInterface>false</isInterface>
                  <name>SearchCustomField</name>
                  <parentNames>
                    <string>java.lang.Object</string>
                    <string>java.io.Serializable</string>
                  </parentNames>
                </model>
                <isArray>false</isArray>
              </model>
              <accessType>READ_WRITE</accessType>
              <metaDataFieldPropertyManager>
                <properties>
                  <org.mule.common.metadata.field.property.dsql.DsqlSelectMetaDataFieldProperty/>
                  <org.mule.common.metadata.field.property.dsql.DsqlWhereMetaDataFieldProperty/>
                  <org.mule.common.metadata.field.property.dsql.DsqlOrderMetaDataFieldProperty/>
                  <org.mule.common.metadata.field.property.dsql.DsqlQueryOperatorsMetaDataFieldProperty>
                    <supportedOperators/>
                  </org.mule.common.metadata.field.property.dsql.DsqlQueryOperatorsMetaDataFieldProperty>
                </properties>
              </metaDataFieldPropertyManager>
            </org.mule.common.metadata.DefaultMetaDataField>
          </fields>
          <clazzName>com.netsuite.webservices.platform.core.SearchCustomFieldList</clazzName>
          <isInterface>false</isInterface>
          <name>SearchCustomFieldList</name>
          <parentNames>
            <string>java.lang.Object</string>
            <string>java.io.Serializable</string>
          </parentNames>
        </model>
        <accessType>READ_WRITE</accessType>
        <metaDataFieldPropertyManager>
          <properties>
            <org.mule.common.metadata.field.property.dsql.DsqlSelectMetaDataFieldProperty/>
            <org.mule.common.metadata.field.property.dsql.DsqlWhereMetaDataFieldProperty/>
            <org.mule.common.metadata.field.property.dsql.DsqlOrderMetaDataFieldProperty/>
            <org.mule.common.metadata.field.property.dsql.DsqlQueryOperatorsMetaDataFieldProperty>
              <supportedOperators/>
            </org.mule.common.metadata.field.property.dsql.DsqlQueryOperatorsMetaDataFieldProperty>
          </properties>
        </metaDataFieldPropertyManager>
      </org.mule.common.metadata.DefaultMetaDataField>
      <org.mule.common.metadata.DefaultMetaDataField>
        <name>externalId</name>
        <model class="org.mule.common.metadata.DefaultPojoMetaDataModel">
          <implementationClass>com.netsuite.webservices.platform.core.SearchMultiSelectField</implementationClass>
          <dataType>POJO</dataType>
          <metaDataModelPropertiesManager>
            <properties/>
          </metaDataModelPropertiesManager>
          <fields>
            <org.mule.common.metadata.DefaultMetaDataField>
              <name>operator</name>
              <model class="org.mule.common.metadata.DefaultSimpleMetaDataModel">
                <dataType>ENUM</dataType>
                <metaDataModelPropertiesManager>
                  <properties/>
                </metaDataModelPropertiesManager>
              </model>
              <accessType>READ_WRITE</accessType>
              <metaDataFieldPropertyManager>
                <properties>
                  <org.mule.common.metadata.field.property.dsql.DsqlSelectMetaDataFieldProperty/>
                  <org.mule.common.metadata.field.property.dsql.DsqlWhereMetaDataFieldProperty/>
                  <org.mule.common.metadata.field.property.dsql.DsqlOrderMetaDataFieldProperty/>
                  <org.mule.common.metadata.field.property.dsql.DsqlQueryOperatorsMetaDataFieldProperty>
                    <supportedOperators class="java.util.Arrays$ArrayList">
                      <a class="org.mule.common.query.expression.Operator-array">
                        <org.mule.common.query.expression.EqualsOperator/>
                        <org.mule.common.query.expression.NotEqualsOperator/>
                      </a>
                    </supportedOperators>
                  </org.mule.common.metadata.field.property.dsql.DsqlQueryOperatorsMetaDataFieldProperty>
                  <org.mule.common.metadata.field.property.ValidStringValuesFieldProperty>
                    <validStrings>
                      <string>ANY_OF</string>
                      <string>NONE_OF</string>
                    </validStrings>
                  </org.mule.common.metadata.field.property.ValidStringValuesFieldProperty>
                </properties>
              </metaDataFieldPropertyManager>
            </org.mule.common.metadata.DefaultMetaDataField>
            <org.mule.common.metadata.DefaultMetaDataField>
              <name>searchValue</name>
              <model class="org.mule.common.metadata.DefaultListMetaDataModel">
                <dataType>LIST</dataType>
                <metaDataModelPropertiesManager>
                  <properties/>
                </metaDataModelPropertiesManager>
                <model class="org.mule.common.metadata.DefaultPojoMetaDataModel">
                  <implementationClass>com.netsuite.webservices.platform.core.RecordRef</implementationClass>
                  <dataType>POJO</dataType>
                  <metaDataModelPropertiesManager>
                    <properties/>
                  </metaDataModelPropertiesManager>
                  <fields>
                    <org.mule.common.metadata.DefaultMetaDataField>
                      <name>externalId</name>
                      <model class="org.mule.common.metadata.DefaultSimpleMetaDataModel">
                        <dataType>STRING</dataType>
                        <metaDataModelPropertiesManager>
                          <properties/>
                        </metaDataModelPropertiesManager>
                      </model>
                      <accessType>READ_WRITE</accessType>
                      <metaDataFieldPropertyManager>
                        <properties>
                          <org.mule.common.metadata.field.property.dsql.DsqlSelectMetaDataFieldProperty/>
                          <org.mule.common.metadata.field.property.dsql.DsqlWhereMetaDataFieldProperty/>
                          <org.mule.common.metadata.field.property.dsql.DsqlOrderMetaDataFieldProperty/>
                          <org.mule.common.metadata.field.property.dsql.DsqlQueryOperatorsMetaDataFieldProperty>
                            <supportedOperators>
                              <org.mule.common.query.expression.LessOperator/>
                              <org.mule.common.query.expression.LessOrEqualsOperator/>
                              <org.mule.common.query.expression.EqualsOperator/>
                              <org.mule.common.query.expression.GreaterOperator/>
                              <org.mule.common.query.expression.GreaterOrEqualsOperator/>
                              <org.mule.common.query.expression.NotEqualsOperator/>
                              <org.mule.common.query.expression.LikeOperator/>
                            </supportedOperators>
                          </org.mule.common.metadata.field.property.dsql.DsqlQueryOperatorsMetaDataFieldProperty>
                        </properties>
                      </metaDataFieldPropertyManager>
                    </org.mule.common.metadata.DefaultMetaDataField>
                    <org.mule.common.metadata.DefaultMetaDataField>
                      <name>internalId</name>
                      <model class="org.mule.common.metadata.DefaultSimpleMetaDataModel">
                        <dataType>STRING</dataType>
                        <metaDataModelPropertiesManager>
                          <properties/>
                        </metaDataModelPropertiesManager>
                      </model>
                      <accessType>READ_WRITE</accessType>
                      <metaDataFieldPropertyManager>
                        <properties>
                          <org.mule.common.metadata.field.property.dsql.DsqlSelectMetaDataFieldProperty/>
                          <org.mule.common.metadata.field.property.dsql.DsqlWhereMetaDataFieldProperty/>
                          <org.mule.common.metadata.field.property.dsql.DsqlOrderMetaDataFieldProperty/>
                          <org.mule.common.metadata.field.property.dsql.DsqlQueryOperatorsMetaDataFieldProperty>
                            <supportedOperators>
                              <org.mule.common.query.expression.LessOperator/>
                              <org.mule.common.query.expression.LessOrEqualsOperator/>
                              <org.mule.common.query.expression.EqualsOperator/>
                              <org.mule.common.query.expression.GreaterOperator/>
                              <org.mule.common.query.expression.GreaterOrEqualsOperator/>
                              <org.mule.common.query.expression.NotEqualsOperator/>
                              <org.mule.common.query.expression.LikeOperator/>
                            </supportedOperators>
                          </org.mule.common.metadata.field.property.dsql.DsqlQueryOperatorsMetaDataFieldProperty>
                        </properties>
                      </metaDataFieldPropertyManager>
                    </org.mule.common.metadata.DefaultMetaDataField>
                    <org.mule.common.metadata.DefaultMetaDataField>
                      <name>name</name>
                      <model class="org.mule.common.metadata.DefaultSimpleMetaDataModel">
                        <dataType>STRING</dataType>
                        <metaDataModelPropertiesManager>
                          <properties/>
                        </metaDataModelPropertiesManager>
                      </model>
                      <accessType>READ_WRITE</accessType>
                      <metaDataFieldPropertyManager>
                        <properties>
                          <org.mule.common.metadata.field.property.dsql.DsqlSelectMetaDataFieldProperty/>
                          <org.mule.common.metadata.field.property.dsql.DsqlWhereMetaDataFieldProperty/>
                          <org.mule.common.metadata.field.property.dsql.DsqlOrderMetaDataFieldProperty/>
                          <org.mule.common.metadata.field.property.dsql.DsqlQueryOperatorsMetaDataFieldProperty>
                            <supportedOperators>
                              <org.mule.common.query.expression.LessOperator/>
                              <org.mule.common.query.expression.LessOrEqualsOperator/>
                              <org.mule.common.query.expression.EqualsOperator/>
                              <org.mule.common.query.expression.GreaterOperator/>
                              <org.mule.common.query.expression.GreaterOrEqualsOperator/>
                              <org.mule.common.query.expression.NotEqualsOperator/>
                              <org.mule.common.query.expression.LikeOperator/>
                            </supportedOperators>
                          </org.mule.common.metadata.field.property.dsql.DsqlQueryOperatorsMetaDataFieldProperty>
                        </properties>
                      </metaDataFieldPropertyManager>
                    </org.mule.common.metadata.DefaultMetaDataField>
                    <org.mule.common.metadata.DefaultMetaDataField>
                      <name>type</name>
                      <model class="org.mule.common.metadata.DefaultSimpleMetaDataModel">
                        <dataType>ENUM</dataType>
                        <metaDataModelPropertiesManager>
                          <properties/>
                        </metaDataModelPropertiesManager>
                      </model>
                      <accessType>READ_WRITE</accessType>
                      <metaDataFieldPropertyManager>
                        <properties>
                          <org.mule.common.metadata.field.property.dsql.DsqlSelectMetaDataFieldProperty/>
                          <org.mule.common.metadata.field.property.dsql.DsqlWhereMetaDataFieldProperty/>
                          <org.mule.common.metadata.field.property.dsql.DsqlOrderMetaDataFieldProperty/>
                          <org.mule.common.metadata.field.property.dsql.DsqlQueryOperatorsMetaDataFieldProperty>
                            <supportedOperators class="java.util.Arrays$ArrayList">
                              <a class="org.mule.common.query.expression.Operator-array">
                                <org.mule.common.query.expression.EqualsOperator/>
                                <org.mule.common.query.expression.NotEqualsOperator/>
                              </a>
                            </supportedOperators>
                          </org.mule.common.metadata.field.property.dsql.DsqlQueryOperatorsMetaDataFieldProperty>
                          <org.mule.common.metadata.field.property.ValidStringValuesFieldProperty>
                            <validStrings>
                              <string>ACCOUNT</string>
                              <string>ACCOUNTING_PERIOD</string>
                              <string>APP_DEFINITION</string>
                              <string>APP_PACKAGE</string>
                              <string>ASSEMBLY_BUILD</string>
                              <string>ASSEMBLY_UNBUILD</string>
                              <string>ASSEMBLY_ITEM</string>
                              <string>BILLING_ACCOUNT</string>
                              <string>BILLING_SCHEDULE</string>
                              <string>BIN</string>
                              <string>BIN_TRANSFER</string>
                              <string>BIN_WORKSHEET</string>
                              <string>BUDGET</string>
                              <string>BUDGET_CATEGORY</string>
                              <string>CALENDAR_EVENT</string>
                              <string>CAMPAIGN</string>
                              <string>CAMPAIGN_AUDIENCE</string>
                              <string>CAMPAIGN_CATEGORY</string>
                              <string>CAMPAIGN_CHANNEL</string>
                              <string>CAMPAIGN_FAMILY</string>
                              <string>CAMPAIGN_OFFER</string>
                              <string>CAMPAIGN_RESPONSE</string>
                              <string>CAMPAIGN_SEARCH_ENGINE</string>
                              <string>CAMPAIGN_SUBSCRIPTION</string>
                              <string>CAMPAIGN_VERTICAL</string>
                              <string>CASH_REFUND</string>
                              <string>CASH_SALE</string>
                              <string>CHECK</string>
                              <string>CHARGE</string>
                              <string>CLASSIFICATION</string>
                              <string>CONTACT</string>
                              <string>CONTACT_CATEGORY</string>
                              <string>CONTACT_ROLE</string>
                              <string>COST_CATEGORY</string>
                              <string>COUPON_CODE</string>
                              <string>CREDIT_MEMO</string>
                              <string>CRM_CUSTOM_FIELD</string>
                              <string>CURRENCY</string>
                              <string>CURRENCY_RATE</string>
                              <string>CUSTOM_LIST</string>
                              <string>CUSTOM_RECORD</string>
                              <string>CUSTOM_RECORD_CUSTOM_FIELD</string>
                              <string>CUSTOM_RECORD_TYPE</string>
                              <string>CUSTOM_TRANSACTION</string>
                              <string>CUSTOM_TRANSACTION_TYPE</string>
                              <string>CUSTOMER</string>
                              <string>CUSTOMER_CATEGORY</string>
                              <string>CUSTOMER_DEPOSIT</string>
                              <string>CUSTOMER_MESSAGE</string>
                              <string>CUSTOMER_PAYMENT</string>
                              <string>CUSTOMER_REFUND</string>
                              <string>CUSTOMER_STATUS</string>
                              <string>DEPOSIT</string>
                              <string>DEPOSIT_APPLICATION</string>
                              <string>DEPARTMENT</string>
                              <string>DESCRIPTION_ITEM</string>
                              <string>DISCOUNT_ITEM</string>
                              <string>DOWNLOAD_ITEM</string>
                              <string>EMPLOYEE</string>
                              <string>ENTITY_CUSTOM_FIELD</string>
                              <string>ENTITY_GROUP</string>
                              <string>ESTIMATE</string>
                              <string>EXPENSE_CATEGORY</string>
                              <string>EXPENSE_REPORT</string>
                              <string>FILE</string>
                              <string>FOLDER</string>
                              <string>GIFT_CERTIFICATE</string>
                              <string>GIFT_CERTIFICATE_ITEM</string>
                              <string>GLOBAL_ACCOUNT_MAPPING</string>
                              <string>INTER_COMPANY_JOURNAL_ENTRY</string>
                              <string>INTER_COMPANY_TRANSFER_ORDER</string>
                              <string>INVENTORY_ADJUSTMENT</string>
                              <string>INVENTORY_COST_REVALUATION</string>
                              <string>INVENTORY_ITEM</string>
                              <string>INVENTORY_NUMBER</string>
                              <string>INVENTORY_TRANSFER</string>
                              <string>INVOICE</string>
                              <string>ITEM_ACCOUNT_MAPPING</string>
                              <string>ITEM_CUSTOM_FIELD</string>
                              <string>ITEM_DEMAND_PLAN</string>
                              <string>ITEM_FULFILLMENT</string>
                              <string>ITEM_GROUP</string>
                              <string>ITEM_NUMBER_CUSTOM_FIELD</string>
                              <string>ITEM_OPTION_CUSTOM_FIELD</string>
                              <string>ITEM_SUPPLY_PLAN</string>
                              <string>ITEM_REVISION</string>
                              <string>ISSUE</string>
                              <string>JOB</string>
                              <string>JOB_STATUS</string>
                              <string>JOB_TYPE</string>
                              <string>ITEM_RECEIPT</string>
                              <string>JOURNAL_ENTRY</string>
                              <string>KIT_ITEM</string>
                              <string>LEAD_SOURCE</string>
                              <string>LOCATION</string>
                              <string>LOT_NUMBERED_INVENTORY_ITEM</string>
                              <string>LOT_NUMBERED_ASSEMBLY_ITEM</string>
                              <string>MARKUP_ITEM</string>
                              <string>MESSAGE</string>
                              <string>MANUFACTURING_COST_TEMPLATE</string>
                              <string>MANUFACTURING_OPERATION_TASK</string>
                              <string>MANUFACTURING_ROUTING</string>
                              <string>NEXUS</string>
                              <string>NON_INVENTORY_PURCHASE_ITEM</string>
                              <string>NON_INVENTORY_RESALE_ITEM</string>
                              <string>NON_INVENTORY_SALE_ITEM</string>
                              <string>NOTE</string>
                              <string>NOTE_TYPE</string>
                              <string>OPPORTUNITY</string>
                              <string>OTHER_CHARGE_PURCHASE_ITEM</string>
                              <string>OTHER_CHARGE_RESALE_ITEM</string>
                              <string>OTHER_CHARGE_SALE_ITEM</string>
                              <string>OTHER_CUSTOM_FIELD</string>
                              <string>OTHER_NAME_CATEGORY</string>
                              <string>PARTNER</string>
                              <string>PARTNER_CATEGORY</string>
                              <string>PAYCHECK_JOURNAL</string>
                              <string>PAYMENT_ITEM</string>
                              <string>PAYMENT_METHOD</string>
                              <string>PAYROLL_ITEM</string>
                              <string>PHONE_CALL</string>
                              <string>PRICE_LEVEL</string>
                              <string>PRICING_GROUP</string>
                              <string>PROJECT_TASK</string>
                              <string>PROMOTION_CODE</string>
                              <string>PURCHASE_ORDER</string>
                              <string>PURCHASE_REQUISITION</string>
                              <string>RESOURCE_ALLOCATION</string>
                              <string>RETURN_AUTHORIZATION</string>
                              <string>REV_REC_SCHEDULE</string>
                              <string>REV_REC_TEMPLATE</string>
                              <string>SALES_ORDER</string>
                              <string>SALES_ROLE</string>
                              <string>SALES_TAX_ITEM</string>
                              <string>SERIALIZED_INVENTORY_ITEM</string>
                              <string>SERIALIZED_ASSEMBLY_ITEM</string>
                              <string>SERVICE_PURCHASE_ITEM</string>
                              <string>SERVICE_RESALE_ITEM</string>
                              <string>SERVICE_SALE_ITEM</string>
                              <string>SOLUTION</string>
                              <string>SITE_CATEGORY</string>
                              <string>STATE</string>
                              <string>STATISTICAL_JOURNAL_ENTRY</string>
                              <string>SUBSIDIARY</string>
                              <string>SUBTOTAL_ITEM</string>
                              <string>SUPPORT_CASE</string>
                              <string>SUPPORT_CASE_ISSUE</string>
                              <string>SUPPORT_CASE_ORIGIN</string>
                              <string>SUPPORT_CASE_PRIORITY</string>
                              <string>SUPPORT_CASE_STATUS</string>
                              <string>SUPPORT_CASE_TYPE</string>
                              <string>TASK</string>
                              <string>TAX_ACCT</string>
                              <string>TAX_GROUP</string>
                              <string>TAX_TYPE</string>
                              <string>TERM</string>
                              <string>TIME_BILL</string>
                              <string>TIME_SHEET</string>
                              <string>TOPIC</string>
                              <string>TRANSFER_ORDER</string>
                              <string>TRANSACTION_BODY_CUSTOM_FIELD</string>
                              <string>TRANSACTION_COLUMN_CUSTOM_FIELD</string>
                              <string>UNITS_TYPE</string>
                              <string>VENDOR</string>
                              <string>VENDOR_CATEGORY</string>
                              <string>VENDOR_BILL</string>
                              <string>VENDOR_CREDIT</string>
                              <string>VENDOR_PAYMENT</string>
                              <string>VENDOR_RETURN_AUTHORIZATION</string>
                              <string>WIN_LOSS_REASON</string>
                              <string>WORK_ORDER</string>
                              <string>WORK_ORDER_ISSUE</string>
                              <string>WORK_ORDER_COMPLETION</string>
                              <string>WORK_ORDER_CLOSE</string>
                            </validStrings>
                          </org.mule.common.metadata.field.property.ValidStringValuesFieldProperty>
                        </properties>
                      </metaDataFieldPropertyManager>
                    </org.mule.common.metadata.DefaultMetaDataField>
                  </fields>
                  <clazzName>com.netsuite.webservices.platform.core.RecordRef</clazzName>
                  <isInterface>false</isInterface>
                  <name>RecordRef</name>
                  <parentNames>
                    <string>java.lang.Object</string>
                    <string>com.netsuite.webservices.platform.core.BaseRef</string>
                    <string>java.io.Serializable</string>
                  </parentNames>
                </model>
                <isArray>false</isArray>
              </model>
              <accessType>READ_WRITE</accessType>
              <metaDataFieldPropertyManager>
                <properties>
                  <org.mule.common.metadata.field.property.dsql.DsqlSelectMetaDataFieldProperty/>
                  <org.mule.common.metadata.field.property.dsql.DsqlWhereMetaDataFieldProperty/>
                  <org.mule.common.metadata.field.property.dsql.DsqlOrderMetaDataFieldProperty/>
                  <org.mule.common.metadata.field.property.dsql.DsqlQueryOperatorsMetaDataFieldProperty>
                    <supportedOperators/>
                  </org.mule.common.metadata.field.property.dsql.DsqlQueryOperatorsMetaDataFieldProperty>
                </properties>
              </metaDataFieldPropertyManager>
            </org.mule.common.metadata.DefaultMetaDataField>
          </fields>
          <clazzName>com.netsuite.webservices.platform.core.SearchMultiSelectField</clazzName>
          <isInterface>false</isInterface>
          <name>SearchMultiSelectField</name>
          <parentNames>
            <string>java.lang.Object</string>
            <string>java.io.Serializable</string>
          </parentNames>
        </model>
        <accessType>READ_WRITE</accessType>
        <metaDataFieldPropertyManager>
          <properties>
            <org.mule.common.metadata.field.property.dsql.DsqlSelectMetaDataFieldProperty/>
            <org.mule.common.metadata.field.property.dsql.DsqlWhereMetaDataFieldProperty/>
            <org.mule.common.metadata.field.property.dsql.DsqlOrderMetaDataFieldProperty/>
            <org.mule.common.metadata.field.property.dsql.DsqlQueryOperatorsMetaDataFieldProperty>
              <supportedOperators/>
            </org.mule.common.metadata.field.property.dsql.DsqlQueryOperatorsMetaDataFieldProperty>
          </properties>
        </metaDataFieldPropertyManager>
      </org.mule.common.metadata.DefaultMetaDataField>
      <org.mule.common.metadata.DefaultMetaDataField>
        <name>externalIdString</name>
        <model class="org.mule.common.metadata.DefaultPojoMetaDataModel">
          <implementationClass>com.netsuite.webservices.platform.core.SearchStringField</implementationClass>
          <dataType>POJO</dataType>
          <metaDataModelPropertiesManager>
            <properties/>
          </metaDataModelPropertiesManager>
          <fields>
            <org.mule.common.metadata.DefaultMetaDataField>
              <name>operator</name>
              <model class="org.mule.common.metadata.DefaultSimpleMetaDataModel">
                <dataType>ENUM</dataType>
                <metaDataModelPropertiesManager>
                  <properties/>
                </metaDataModelPropertiesManager>
              </model>
              <accessType>READ_WRITE</accessType>
              <metaDataFieldPropertyManager>
                <properties>
                  <org.mule.common.metadata.field.property.dsql.DsqlSelectMetaDataFieldProperty/>
                  <org.mule.common.metadata.field.property.dsql.DsqlWhereMetaDataFieldProperty/>
                  <org.mule.common.metadata.field.property.dsql.DsqlOrderMetaDataFieldProperty/>
                  <org.mule.common.metadata.field.property.dsql.DsqlQueryOperatorsMetaDataFieldProperty>
                    <supportedOperators class="java.util.Arrays$ArrayList">
                      <a class="org.mule.common.query.expression.Operator-array">
                        <org.mule.common.query.expression.EqualsOperator/>
                        <org.mule.common.query.expression.NotEqualsOperator/>
                      </a>
                    </supportedOperators>
                  </org.mule.common.metadata.field.property.dsql.DsqlQueryOperatorsMetaDataFieldProperty>
                  <org.mule.common.metadata.field.property.ValidStringValuesFieldProperty>
                    <validStrings>
                      <string>CONTAINS</string>
                      <string>DOES_NOT_CONTAIN</string>
                      <string>DOES_NOT_START_WITH</string>
                      <string>EMPTY</string>
                      <string>HAS_KEYWORDS</string>
                      <string>IS</string>
                      <string>IS_NOT</string>
                      <string>NOT_EMPTY</string>
                      <string>STARTS_WITH</string>
                    </validStrings>
                  </org.mule.common.metadata.field.property.ValidStringValuesFieldProperty>
                </properties>
              </metaDataFieldPropertyManager>
            </org.mule.common.metadata.DefaultMetaDataField>
            <org.mule.common.metadata.DefaultMetaDataField>
              <name>searchValue</name>
              <model class="org.mule.common.metadata.DefaultSimpleMetaDataModel">
                <dataType>STRING</dataType>
                <metaDataModelPropertiesManager>
                  <properties/>
                </metaDataModelPropertiesManager>
              </model>
              <accessType>READ_WRITE</accessType>
              <metaDataFieldPropertyManager>
                <properties>
                  <org.mule.common.metadata.field.property.dsql.DsqlSelectMetaDataFieldProperty/>
                  <org.mule.common.metadata.field.property.dsql.DsqlWhereMetaDataFieldProperty/>
                  <org.mule.common.metadata.field.property.dsql.DsqlOrderMetaDataFieldProperty/>
                  <org.mule.common.metadata.field.property.dsql.DsqlQueryOperatorsMetaDataFieldProperty>
                    <supportedOperators>
                      <org.mule.common.query.expression.LessOperator/>
                      <org.mule.common.query.expression.LessOrEqualsOperator/>
                      <org.mule.common.query.expression.EqualsOperator/>
                      <org.mule.common.query.expression.GreaterOperator/>
                      <org.mule.common.query.expression.GreaterOrEqualsOperator/>
                      <org.mule.common.query.expression.NotEqualsOperator/>
                      <org.mule.common.query.expression.LikeOperator/>
                    </supportedOperators>
                  </org.mule.common.metadata.field.property.dsql.DsqlQueryOperatorsMetaDataFieldProperty>
                </properties>
              </metaDataFieldPropertyManager>
            </org.mule.common.metadata.DefaultMetaDataField>
          </fields>
          <clazzName>com.netsuite.webservices.platform.core.SearchStringField</clazzName>
          <isInterface>false</isInterface>
          <name>SearchStringField</name>
          <parentNames>
            <string>java.lang.Object</string>
            <string>java.io.Serializable</string>
          </parentNames>
        </model>
        <accessType>READ_WRITE</accessType>
        <metaDataFieldPropertyManager>
          <properties>
            <org.mule.common.metadata.field.property.dsql.DsqlSelectMetaDataFieldProperty/>
            <org.mule.common.metadata.field.property.dsql.DsqlWhereMetaDataFieldProperty/>
            <org.mule.common.metadata.field.property.dsql.DsqlOrderMetaDataFieldProperty/>
            <org.mule.common.metadata.field.property.dsql.DsqlQueryOperatorsMetaDataFieldProperty>
              <supportedOperators/>
            </org.mule.common.metadata.field.property.dsql.DsqlQueryOperatorsMetaDataFieldProperty>
          </properties>
        </metaDataFieldPropertyManager>
      </org.mule.common.metadata.DefaultMetaDataField>
      <org.mule.common.metadata.DefaultMetaDataField>
        <name>internalId</name>
        <model class="org.mule.common.metadata.DefaultPojoMetaDataModel" reference="../../org.mule.common.metadata.DefaultMetaDataField[2]/model"/>
        <accessType>READ_WRITE</accessType>
        <metaDataFieldPropertyManager>
          <properties>
            <org.mule.common.metadata.field.property.dsql.DsqlSelectMetaDataFieldProperty/>
            <org.mule.common.metadata.field.property.dsql.DsqlWhereMetaDataFieldProperty/>
            <org.mule.common.metadata.field.property.dsql.DsqlOrderMetaDataFieldProperty/>
            <org.mule.common.metadata.field.property.dsql.DsqlQueryOperatorsMetaDataFieldProperty>
              <supportedOperators/>
            </org.mule.common.metadata.field.property.dsql.DsqlQueryOperatorsMetaDataFieldProperty>
          </properties>
        </metaDataFieldPropertyManager>
      </org.mule.common.metadata.DefaultMetaDataField>
      <org.mule.common.metadata.DefaultMetaDataField>
        <name>internalIdNumber</name>
        <model class="org.mule.common.metadata.DefaultPojoMetaDataModel">
          <implementationClass>com.netsuite.webservices.platform.core.SearchLongField</implementationClass>
          <dataType>POJO</dataType>
          <metaDataModelPropertiesManager>
            <properties/>
          </metaDataModelPropertiesManager>
          <fields>
            <org.mule.common.metadata.DefaultMetaDataField>
              <name>operator</name>
              <model class="org.mule.common.metadata.DefaultSimpleMetaDataModel">
                <dataType>ENUM</dataType>
                <metaDataModelPropertiesManager>
                  <properties/>
                </metaDataModelPropertiesManager>
              </model>
              <accessType>READ_WRITE</accessType>
              <metaDataFieldPropertyManager>
                <properties>
                  <org.mule.common.metadata.field.property.dsql.DsqlSelectMetaDataFieldProperty/>
                  <org.mule.common.metadata.field.property.dsql.DsqlWhereMetaDataFieldProperty/>
                  <org.mule.common.metadata.field.property.dsql.DsqlOrderMetaDataFieldProperty/>
                  <org.mule.common.metadata.field.property.dsql.DsqlQueryOperatorsMetaDataFieldProperty>
                    <supportedOperators class="java.util.Arrays$ArrayList">
                      <a class="org.mule.common.query.expression.Operator-array">
                        <org.mule.common.query.expression.EqualsOperator/>
                        <org.mule.common.query.expression.NotEqualsOperator/>
                      </a>
                    </supportedOperators>
                  </org.mule.common.metadata.field.property.dsql.DsqlQueryOperatorsMetaDataFieldProperty>
                  <org.mule.common.metadata.field.property.ValidStringValuesFieldProperty>
                    <validStrings>
                      <string>BETWEEN</string>
                      <string>EMPTY</string>
                      <string>EQUAL_TO</string>
                      <string>GREATER_THAN</string>
                      <string>GREATER_THAN_OR_EQUAL_TO</string>
                      <string>LESS_THAN</string>
                      <string>LESS_THAN_OR_EQUAL_TO</string>
                      <string>NOT_BETWEEN</string>
                      <string>NOT_EMPTY</string>
                      <string>NOT_EQUAL_TO</string>
                      <string>NOT_GREATER_THAN</string>
                      <string>NOT_GREATER_THAN_OR_EQUAL_TO</string>
                      <string>NOT_LESS_THAN</string>
                      <string>NOT_LESS_THAN_OR_EQUAL_TO</string>
                    </validStrings>
                  </org.mule.common.metadata.field.property.ValidStringValuesFieldProperty>
                </properties>
              </metaDataFieldPropertyManager>
            </org.mule.common.metadata.DefaultMetaDataField>
            <org.mule.common.metadata.DefaultMetaDataField>
              <name>searchValue</name>
              <model class="org.mule.common.metadata.DefaultSimpleMetaDataModel">
                <dataType>LONG</dataType>
                <metaDataModelPropertiesManager>
                  <properties/>
                </metaDataModelPropertiesManager>
              </model>
              <accessType>READ_WRITE</accessType>
              <metaDataFieldPropertyManager>
                <properties>
                  <org.mule.common.metadata.field.property.dsql.DsqlSelectMetaDataFieldProperty/>
                  <org.mule.common.metadata.field.property.dsql.DsqlWhereMetaDataFieldProperty/>
                  <org.mule.common.metadata.field.property.dsql.DsqlOrderMetaDataFieldProperty/>
                  <org.mule.common.metadata.field.property.dsql.DsqlQueryOperatorsMetaDataFieldProperty>
                    <supportedOperators>
                      <org.mule.common.query.expression.LessOperator/>
                      <org.mule.common.query.expression.LessOrEqualsOperator/>
                      <org.mule.common.query.expression.EqualsOperator/>
                      <org.mule.common.query.expression.GreaterOperator/>
                      <org.mule.common.query.expression.GreaterOrEqualsOperator/>
                      <org.mule.common.query.expression.NotEqualsOperator/>
                    </supportedOperators>
                  </org.mule.common.metadata.field.property.dsql.DsqlQueryOperatorsMetaDataFieldProperty>
                </properties>
              </metaDataFieldPropertyManager>
            </org.mule.common.metadata.DefaultMetaDataField>
            <org.mule.common.metadata.DefaultMetaDataField>
              <name>searchValue2</name>
              <model class="org.mule.common.metadata.DefaultSimpleMetaDataModel">
                <dataType>LONG</dataType>
                <metaDataModelPropertiesManager>
                  <properties/>
                </metaDataModelPropertiesManager>
              </model>
              <accessType>READ_WRITE</accessType>
              <metaDataFieldPropertyManager>
                <properties>
                  <org.mule.common.metadata.field.property.dsql.DsqlSelectMetaDataFieldProperty/>
                  <org.mule.common.metadata.field.property.dsql.DsqlWhereMetaDataFieldProperty/>
                  <org.mule.common.metadata.field.property.dsql.DsqlOrderMetaDataFieldProperty/>
                  <org.mule.common.metadata.field.property.dsql.DsqlQueryOperatorsMetaDataFieldProperty>
                    <supportedOperators>
                      <org.mule.common.query.expression.LessOperator/>
                      <org.mule.common.query.expression.LessOrEqualsOperator/>
                      <org.mule.common.query.expression.EqualsOperator/>
                      <org.mule.common.query.expression.GreaterOperator/>
                      <org.mule.common.query.expression.GreaterOrEqualsOperator/>
                      <org.mule.common.query.expression.NotEqualsOperator/>
                    </supportedOperators>
                  </org.mule.common.metadata.field.property.dsql.DsqlQueryOperatorsMetaDataFieldProperty>
                </properties>
              </metaDataFieldPropertyManager>
            </org.mule.common.metadata.DefaultMetaDataField>
          </fields>
          <clazzName>com.netsuite.webservices.platform.core.SearchLongField</clazzName>
          <isInterface>false</isInterface>
          <name>SearchLongField</name>
          <parentNames>
            <string>java.lang.Object</string>
            <string>java.io.Serializable</string>
          </parentNames>
        </model>
        <accessType>READ_WRITE</accessType>
        <metaDataFieldPropertyManager>
          <properties>
            <org.mule.common.metadata.field.property.dsql.DsqlSelectMetaDataFieldProperty/>
            <org.mule.common.metadata.field.property.dsql.DsqlWhereMetaDataFieldProperty/>
            <org.mule.common.metadata.field.property.dsql.DsqlOrderMetaDataFieldProperty/>
            <org.mule.common.metadata.field.property.dsql.DsqlQueryOperatorsMetaDataFieldProperty>
              <supportedOperators/>
            </org.mule.common.metadata.field.property.dsql.DsqlQueryOperatorsMetaDataFieldProperty>
          </properties>
        </metaDataFieldPropertyManager>
      </org.mule.common.metadata.DefaultMetaDataField>
      <org.mule.common.metadata.DefaultMetaDataField>
        <name>item</name>
        <model class="org.mule.common.metadata.DefaultPojoMetaDataModel" reference="../../org.mule.common.metadata.DefaultMetaDataField[2]/model"/>
        <accessType>READ_WRITE</accessType>
        <metaDataFieldPropertyManager>
          <properties>
            <org.mule.common.metadata.field.property.dsql.DsqlSelectMetaDataFieldProperty/>
            <org.mule.common.metadata.field.property.dsql.DsqlWhereMetaDataFieldProperty/>
            <org.mule.common.metadata.field.property.dsql.DsqlOrderMetaDataFieldProperty/>
            <org.mule.common.metadata.field.property.dsql.DsqlQueryOperatorsMetaDataFieldProperty>
              <supportedOperators/>
            </org.mule.common.metadata.field.property.dsql.DsqlQueryOperatorsMetaDataFieldProperty>
          </properties>
        </metaDataFieldPropertyManager>
      </org.mule.common.metadata.DefaultMetaDataField>
      <org.mule.common.metadata.DefaultMetaDataField>
        <name>lastModifiedDate</name>
        <model class="org.mule.common.metadata.DefaultPojoMetaDataModel">
          <implementationClass>com.netsuite.webservices.platform.core.SearchDateField</implementationClass>
          <dataType>POJO</dataType>
          <metaDataModelPropertiesManager>
            <properties/>
          </metaDataModelPropertiesManager>
          <fields>
            <org.mule.common.metadata.DefaultMetaDataField>
              <name>operator</name>
              <model class="org.mule.common.metadata.DefaultSimpleMetaDataModel">
                <dataType>ENUM</dataType>
                <metaDataModelPropertiesManager>
                  <properties/>
                </metaDataModelPropertiesManager>
              </model>
              <accessType>READ_WRITE</accessType>
              <metaDataFieldPropertyManager>
                <properties>
                  <org.mule.common.metadata.field.property.dsql.DsqlSelectMetaDataFieldProperty/>
                  <org.mule.common.metadata.field.property.dsql.DsqlWhereMetaDataFieldProperty/>
                  <org.mule.common.metadata.field.property.dsql.DsqlOrderMetaDataFieldProperty/>
                  <org.mule.common.metadata.field.property.dsql.DsqlQueryOperatorsMetaDataFieldProperty>
                    <supportedOperators class="java.util.Arrays$ArrayList">
                      <a class="org.mule.common.query.expression.Operator-array">
                        <org.mule.common.query.expression.EqualsOperator/>
                        <org.mule.common.query.expression.NotEqualsOperator/>
                      </a>
                    </supportedOperators>
                  </org.mule.common.metadata.field.property.dsql.DsqlQueryOperatorsMetaDataFieldProperty>
                  <org.mule.common.metadata.field.property.ValidStringValuesFieldProperty>
                    <validStrings>
                      <string>AFTER</string>
                      <string>BEFORE</string>
                      <string>EMPTY</string>
                      <string>NOT_AFTER</string>
                      <string>NOT_BEFORE</string>
                      <string>NOT_EMPTY</string>
                      <string>NOT_ON</string>
                      <string>NOT_ON_OR_AFTER</string>
                      <string>NOT_ON_OR_BEFORE</string>
                      <string>NOT_WITHIN</string>
                      <string>ON</string>
                      <string>ON_OR_AFTER</string>
                      <string>ON_OR_BEFORE</string>
                      <string>WITHIN</string>
                    </validStrings>
                  </org.mule.common.metadata.field.property.ValidStringValuesFieldProperty>
                </properties>
              </metaDataFieldPropertyManager>
            </org.mule.common.metadata.DefaultMetaDataField>
            <org.mule.common.metadata.DefaultMetaDataField>
              <name>predefinedSearchValue</name>
              <model class="org.mule.common.metadata.DefaultSimpleMetaDataModel">
                <dataType>ENUM</dataType>
                <metaDataModelPropertiesManager>
                  <properties/>
                </metaDataModelPropertiesManager>
              </model>
              <accessType>READ_WRITE</accessType>
              <metaDataFieldPropertyManager>
                <properties>
                  <org.mule.common.metadata.field.property.dsql.DsqlSelectMetaDataFieldProperty/>
                  <org.mule.common.metadata.field.property.dsql.DsqlWhereMetaDataFieldProperty/>
                  <org.mule.common.metadata.field.property.dsql.DsqlOrderMetaDataFieldProperty/>
                  <org.mule.common.metadata.field.property.dsql.DsqlQueryOperatorsMetaDataFieldProperty>
                    <supportedOperators class="java.util.Arrays$ArrayList">
                      <a class="org.mule.common.query.expression.Operator-array">
                        <org.mule.common.query.expression.EqualsOperator/>
                        <org.mule.common.query.expression.NotEqualsOperator/>
                      </a>
                    </supportedOperators>
                  </org.mule.common.metadata.field.property.dsql.DsqlQueryOperatorsMetaDataFieldProperty>
                  <org.mule.common.metadata.field.property.ValidStringValuesFieldProperty>
                    <validStrings>
                      <string>FISCAL_HALF_BEFORE_LAST</string>
                      <string>FISCAL_HALF_BEFORE_LAST_TO_DATE</string>
                      <string>FISCAL_QUARTER_BEFORE_LAST</string>
                      <string>FISCAL_QUARTER_BEFORE_LAST_TO_DATE</string>
                      <string>FISCAL_YEAR_BEFORE_LAST</string>
                      <string>FISCAL_YEAR_BEFORE_LAST_TO_DATE</string>
                      <string>FIVE_DAYS_AGO</string>
                      <string>FIVE_DAYS_FROM_NOW</string>
                      <string>FOUR_DAYS_AGO</string>
                      <string>FOUR_DAYS_FROM_NOW</string>
                      <string>FOUR_WEEKS_STARTING_THIS_WEEK</string>
                      <string>LAST_BUSINESS_WEEK</string>
                      <string>LAST_FISCAL_HALF</string>
                      <string>LAST_FISCAL_HALF_ONE_FISCAL_YEAR_AGO</string>
                      <string>LAST_FISCAL_HALF_TO_DATE</string>
                      <string>LAST_FISCAL_QUARTER</string>
                      <string>LAST_FISCAL_QUARTER_ONE_FISCAL_YEAR_AGO</string>
                      <string>LAST_FISCAL_QUARTER_TO_DATE</string>
                      <string>LAST_FISCAL_QUARTER_TWO_FISCAL_YEARS_AGO</string>
                      <string>LAST_FISCAL_YEAR</string>
                      <string>LAST_FISCAL_YEAR_TO_DATE</string>
                      <string>LAST_MONTH</string>
                      <string>LAST_MONTH_ONE_FISCAL_QUARTER_AGO</string>
                      <string>LAST_MONTH_ONE_FISCAL_YEAR_AGO</string>
                      <string>LAST_MONTH_TO_DATE</string>
                      <string>LAST_MONTH_TWO_FISCAL_QUARTERS_AGO</string>
                      <string>LAST_MONTH_TWO_FISCAL_YEARS_AGO</string>
                      <string>LAST_ROLLING_HALF</string>
                      <string>LAST_ROLLING_QUARTER</string>
                      <string>LAST_ROLLING_YEAR</string>
                      <string>LAST_WEEK</string>
                      <string>LAST_WEEK_TO_DATE</string>
                      <string>MONTH_AFTER_NEXT</string>
                      <string>MONTH_AFTER_NEXT_TO_DATE</string>
                      <string>MONTH_BEFORE_LAST</string>
                      <string>MONTH_BEFORE_LAST_TO_DATE</string>
                      <string>NEXT_BUSINESS_WEEK</string>
                      <string>NEXT_FISCAL_HALF</string>
                      <string>NEXT_FISCAL_QUARTER</string>
                      <string>NEXT_FISCAL_YEAR</string>
                      <string>NEXT_FOUR_WEEKS</string>
                      <string>NEXT_MONTH</string>
                      <string>NEXT_ONE_HALF</string>
                      <string>NEXT_ONE_MONTH</string>
                      <string>NEXT_ONE_QUARTER</string>
                      <string>NEXT_ONE_WEEK</string>
                      <string>NEXT_ONE_YEAR</string>
                      <string>NEXT_WEEK</string>
                      <string>NINETY_DAYS_AGO</string>
                      <string>NINETY_DAYS_FROM_NOW</string>
                      <string>ONE_YEAR_BEFORE_LAST</string>
                      <string>PREVIOUS_FISCAL_QUARTERS_LAST_FISCAL_YEAR</string>
                      <string>PREVIOUS_FISCAL_QUARTERS_THIS_FISCAL_YEAR</string>
                      <string>PREVIOUS_MONTHS_LAST_FISCAL_HALF</string>
                      <string>PREVIOUS_MONTHS_LAST_FISCAL_QUARTER</string>
                      <string>PREVIOUS_MONTHS_LAST_FISCAL_YEAR</string>
                      <string>PREVIOUS_MONTHS_SAME_FISCAL_HALF_LAST_FISCAL_YEAR</string>
                      <string>PREVIOUS_MONTHS_SAME_FISCAL_QUARTER_LAST_FISCAL_YEAR</string>
                      <string>PREVIOUS_MONTHS_THIS_FISCAL_HALF</string>
                      <string>PREVIOUS_MONTHS_THIS_FISCAL_QUARTER</string>
                      <string>PREVIOUS_MONTHS_THIS_FISCAL_YEAR</string>
                      <string>PREVIOUS_ONE_DAY</string>
                      <string>PREVIOUS_ONE_HALF</string>
                      <string>PREVIOUS_ONE_MONTH</string>
                      <string>PREVIOUS_ONE_QUARTER</string>
                      <string>PREVIOUS_ONE_WEEK</string>
                      <string>PREVIOUS_ONE_YEAR</string>
                      <string>PREVIOUS_ROLLING_HALF</string>
                      <string>PREVIOUS_ROLLING_QUARTER</string>
                      <string>PREVIOUS_ROLLING_YEAR</string>
                      <string>SAME_DAY_FISCAL_QUARTER_BEFORE_LAST</string>
                      <string>SAME_DAY_FISCAL_YEAR_BEFORE_LAST</string>
                      <string>SAME_DAY_LAST_FISCAL_QUARTER</string>
                      <string>SAME_DAY_LAST_FISCAL_YEAR</string>
                      <string>SAME_DAY_LAST_MONTH</string>
                      <string>SAME_DAY_LAST_WEEK</string>
                      <string>SAME_DAY_MONTH_BEFORE_LAST</string>
                      <string>SAME_DAY_WEEK_BEFORE_LAST</string>
                      <string>SAME_FISCAL_HALF_LAST_FISCAL_YEAR</string>
                      <string>SAME_FISCAL_HALF_LAST_FISCAL_YEAR_TO_DATE</string>
                      <string>SAME_FISCAL_QUARTER_FISCAL_YEAR_BEFORE_LAST</string>
                      <string>SAME_FISCAL_QUARTER_LAST_FISCAL_YEAR</string>
                      <string>SAME_FISCAL_QUARTER_LAST_FISCAL_YEAR_TO_DATE</string>
                      <string>SAME_MONTH_FISCAL_QUARTER_BEFORE_LAST</string>
                      <string>SAME_MONTH_FISCAL_YEAR_BEFORE_LAST</string>
                      <string>SAME_MONTH_LAST_FISCAL_QUARTER</string>
                      <string>SAME_MONTH_LAST_FISCAL_QUARTER_TO_DATE</string>
                      <string>SAME_MONTH_LAST_FISCAL_YEAR</string>
                      <string>SAME_MONTH_LAST_FISCAL_YEAR_TO_DATE</string>
                      <string>SAME_WEEK_FISCAL_YEAR_BEFORE_LAST</string>
                      <string>SAME_WEEK_LAST_FISCAL_YEAR</string>
                      <string>SIXTY_DAYS_AGO</string>
                      <string>SIXTY_DAYS_FROM_NOW</string>
                      <string>START_OF_FISCAL_HALF_BEFORE_LAST</string>
                      <string>START_OF_FISCAL_QUARTER_BEFORE_LAST</string>
                      <string>START_OF_FISCAL_YEAR_BEFORE_LAST</string>
                      <string>START_OF_LAST_BUSINESS_WEEK</string>
                      <string>START_OF_LAST_FISCAL_HALF</string>
                      <string>START_OF_LAST_FISCAL_HALF_ONE_FISCAL_YEAR_AGO</string>
                      <string>START_OF_LAST_FISCAL_QUARTER</string>
                      <string>START_OF_LAST_FISCAL_QUARTER_ONE_FISCAL_YEAR_AGO</string>
                      <string>START_OF_LAST_FISCAL_YEAR</string>
                      <string>START_OF_LAST_MONTH</string>
                      <string>START_OF_LAST_MONTH_ONE_FISCAL_QUARTER_AGO</string>
                      <string>START_OF_LAST_MONTH_ONE_FISCAL_YEAR_AGO</string>
                      <string>START_OF_LAST_ROLLING_HALF</string>
                      <string>START_OF_LAST_ROLLING_QUARTER</string>
                      <string>START_OF_LAST_ROLLING_YEAR</string>
                      <string>START_OF_LAST_WEEK</string>
                      <string>START_OF_MONTH_BEFORE_LAST</string>
                      <string>START_OF_NEXT_BUSINESS_WEEK</string>
                      <string>START_OF_NEXT_FISCAL_HALF</string>
                      <string>START_OF_NEXT_FISCAL_QUARTER</string>
                      <string>START_OF_NEXT_FISCAL_YEAR</string>
                      <string>START_OF_NEXT_MONTH</string>
                      <string>START_OF_NEXT_WEEK</string>
                      <string>START_OF_PREVIOUS_ROLLING_HALF</string>
                      <string>START_OF_PREVIOUS_ROLLING_QUARTER</string>
                      <string>START_OF_PREVIOUS_ROLLING_YEAR</string>
                      <string>START_OF_SAME_FISCAL_HALF_LAST_FISCAL_YEAR</string>
                      <string>START_OF_SAME_FISCAL_QUARTER_LAST_FISCAL_YEAR</string>
                      <string>START_OF_SAME_MONTH_LAST_FISCAL_QUARTER</string>
                      <string>START_OF_SAME_MONTH_LAST_FISCAL_YEAR</string>
                      <string>START_OF_THIS_BUSINESS_WEEK</string>
                      <string>START_OF_THIS_FISCAL_HALF</string>
                      <string>START_OF_THIS_FISCAL_QUARTER</string>
                      <string>START_OF_THIS_FISCAL_YEAR</string>
                      <string>START_OF_THIS_MONTH</string>
                      <string>START_OF_THIS_WEEK</string>
                      <string>START_OF_THIS_YEAR</string>
                      <string>START_OF_WEEK_BEFORE_LAST</string>
                      <string>TEN_DAYS_AGO</string>
                      <string>TEN_DAYS_FROM_NOW</string>
                      <string>THIRTY_DAYS_AGO</string>
                      <string>THIRTY_DAYS_FROM_NOW</string>
                      <string>THIS_BUSINESS_WEEK</string>
                      <string>THIS_FISCAL_HALF</string>
                      <string>THIS_FISCAL_HALF_TO_DATE</string>
                      <string>THIS_FISCAL_QUARTER</string>
                      <string>THIS_FISCAL_QUARTER_TO_DATE</string>
                      <string>THIS_FISCAL_YEAR</string>
                      <string>THIS_FISCAL_YEAR_TO_DATE</string>
                      <string>THIS_MONTH</string>
                      <string>THIS_MONTH_TO_DATE</string>
                      <string>THIS_ROLLING_HALF</string>
                      <string>THIS_ROLLING_QUARTER</string>
                      <string>THIS_ROLLING_YEAR</string>
                      <string>THIS_WEEK</string>
                      <string>THIS_WEEK_TO_DATE</string>
                      <string>THIS_YEAR</string>
                      <string>THREE_DAYS_AGO</string>
                      <string>THREE_DAYS_FROM_NOW</string>
                      <string>THREE_FISCAL_QUARTERS_AGO</string>
                      <string>THREE_FISCAL_QUARTERS_AGO_TO_DATE</string>
                      <string>THREE_FISCAL_YEARS_AGO</string>
                      <string>THREE_FISCAL_YEARS_AGO_TO_DATE</string>
                      <string>THREE_MONTHS_AGO</string>
                      <string>THREE_MONTHS_AGO_TO_DATE</string>
                      <string>TODAY</string>
                      <string>TOMORROW</string>
                      <string>TWO_DAYS_AGO</string>
                      <string>TWO_DAYS_FROM_NOW</string>
                      <string>WEEK_AFTER_NEXT</string>
                      <string>WEEK_AFTER_NEXT_TO_DATE</string>
                      <string>WEEK_BEFORE_LAST</string>
                      <string>WEEK_BEFORE_LAST_TO_DATE</string>
                      <string>YESTERDAY</string>
                    </validStrings>
                  </org.mule.common.metadata.field.property.ValidStringValuesFieldProperty>
                </properties>
              </metaDataFieldPropertyManager>
            </org.mule.common.metadata.DefaultMetaDataField>
            <org.mule.common.metadata.DefaultMetaDataField>
              <name>searchValue</name>
              <model class="org.mule.common.metadata.DefaultSimpleMetaDataModel">
                <dataType>DATE_TIME</dataType>
                <metaDataModelPropertiesManager>
                  <properties/>
                </metaDataModelPropertiesManager>
              </model>
              <accessType>READ_WRITE</accessType>
              <metaDataFieldPropertyManager>
                <properties>
                  <org.mule.common.metadata.field.property.dsql.DsqlSelectMetaDataFieldProperty/>
                  <org.mule.common.metadata.field.property.dsql.DsqlWhereMetaDataFieldProperty/>
                  <org.mule.common.metadata.field.property.dsql.DsqlOrderMetaDataFieldProperty/>
                  <org.mule.common.metadata.field.property.dsql.DsqlQueryOperatorsMetaDataFieldProperty>
                    <supportedOperators>
                      <org.mule.common.query.expression.LessOperator/>
                      <org.mule.common.query.expression.LessOrEqualsOperator/>
                      <org.mule.common.query.expression.EqualsOperator/>
                      <org.mule.common.query.expression.GreaterOperator/>
                      <org.mule.common.query.expression.GreaterOrEqualsOperator/>
                      <org.mule.common.query.expression.NotEqualsOperator/>
                    </supportedOperators>
                  </org.mule.common.metadata.field.property.dsql.DsqlQueryOperatorsMetaDataFieldProperty>
                </properties>
              </metaDataFieldPropertyManager>
            </org.mule.common.metadata.DefaultMetaDataField>
            <org.mule.common.metadata.DefaultMetaDataField>
              <name>searchValue2</name>
              <model class="org.mule.common.metadata.DefaultSimpleMetaDataModel">
                <dataType>DATE_TIME</dataType>
                <metaDataModelPropertiesManager>
                  <properties/>
                </metaDataModelPropertiesManager>
              </model>
              <accessType>READ_WRITE</accessType>
              <metaDataFieldPropertyManager>
                <properties>
                  <org.mule.common.metadata.field.property.dsql.DsqlSelectMetaDataFieldProperty/>
                  <org.mule.common.metadata.field.property.dsql.DsqlWhereMetaDataFieldProperty/>
                  <org.mule.common.metadata.field.property.dsql.DsqlOrderMetaDataFieldProperty/>
                  <org.mule.common.metadata.field.property.dsql.DsqlQueryOperatorsMetaDataFieldProperty>
                    <supportedOperators>
                      <org.mule.common.query.expression.LessOperator/>
                      <org.mule.common.query.expression.LessOrEqualsOperator/>
                      <org.mule.common.query.expression.EqualsOperator/>
                      <org.mule.common.query.expression.GreaterOperator/>
                      <org.mule.common.query.expression.GreaterOrEqualsOperator/>
                      <org.mule.common.query.expression.NotEqualsOperator/>
                    </supportedOperators>
                  </org.mule.common.metadata.field.property.dsql.DsqlQueryOperatorsMetaDataFieldProperty>
                </properties>
              </metaDataFieldPropertyManager>
            </org.mule.common.metadata.DefaultMetaDataField>
          </fields>
          <clazzName>com.netsuite.webservices.platform.core.SearchDateField</clazzName>
          <isInterface>false</isInterface>
          <name>SearchDateField</name>
          <parentNames>
            <string>java.lang.Object</string>
            <string>java.io.Serializable</string>
          </parentNames>
        </model>
        <accessType>READ_WRITE</accessType>
        <metaDataFieldPropertyManager>
          <properties>
            <org.mule.common.metadata.field.property.dsql.DsqlSelectMetaDataFieldProperty/>
            <org.mule.common.metadata.field.property.dsql.DsqlWhereMetaDataFieldProperty/>
            <org.mule.common.metadata.field.property.dsql.DsqlOrderMetaDataFieldProperty/>
            <org.mule.common.metadata.field.property.dsql.DsqlQueryOperatorsMetaDataFieldProperty>
              <supportedOperators/>
            </org.mule.common.metadata.field.property.dsql.DsqlQueryOperatorsMetaDataFieldProperty>
          </properties>
        </metaDataFieldPropertyManager>
      </org.mule.common.metadata.DefaultMetaDataField>
      <org.mule.common.metadata.DefaultMetaDataField>
        <name>location</name>
        <model class="org.mule.common.metadata.DefaultPojoMetaDataModel" reference="../../org.mule.common.metadata.DefaultMetaDataField[2]/model"/>
        <accessType>READ_WRITE</accessType>
        <metaDataFieldPropertyManager>
          <properties>
            <org.mule.common.metadata.field.property.dsql.DsqlSelectMetaDataFieldProperty/>
            <org.mule.common.metadata.field.property.dsql.DsqlWhereMetaDataFieldProperty/>
            <org.mule.common.metadata.field.property.dsql.DsqlOrderMetaDataFieldProperty/>
            <org.mule.common.metadata.field.property.dsql.DsqlQueryOperatorsMetaDataFieldProperty>
              <supportedOperators/>
            </org.mule.common.metadata.field.property.dsql.DsqlQueryOperatorsMetaDataFieldProperty>
          </properties>
        </metaDataFieldPropertyManager>
      </org.mule.common.metadata.DefaultMetaDataField>
      <org.mule.common.metadata.DefaultMetaDataField>
        <name>memo</name>
        <model class="org.mule.common.metadata.DefaultPojoMetaDataModel" reference="../../org.mule.common.metadata.DefaultMetaDataField[3]/model"/>
        <accessType>READ_WRITE</accessType>
        <metaDataFieldPropertyManager>
          <properties>
            <org.mule.common.metadata.field.property.dsql.DsqlSelectMetaDataFieldProperty/>
            <org.mule.common.metadata.field.property.dsql.DsqlWhereMetaDataFieldProperty/>
            <org.mule.common.metadata.field.property.dsql.DsqlOrderMetaDataFieldProperty/>
            <org.mule.common.metadata.field.property.dsql.DsqlQueryOperatorsMetaDataFieldProperty>
              <supportedOperators/>
            </org.mule.common.metadata.field.property.dsql.DsqlQueryOperatorsMetaDataFieldProperty>
          </properties>
        </metaDataFieldPropertyManager>
      </org.mule.common.metadata.DefaultMetaDataField>
      <org.mule.common.metadata.DefaultMetaDataField>
        <name>orderCreated</name>
        <model class="org.mule.common.metadata.DefaultPojoMetaDataModel">
          <implementationClass>com.netsuite.webservices.platform.core.SearchBooleanField</implementationClass>
          <dataType>POJO</dataType>
          <metaDataModelPropertiesManager>
            <properties/>
          </metaDataModelPropertiesManager>
          <fields>
            <org.mule.common.metadata.DefaultMetaDataField>
              <name>searchValue</name>
              <model class="org.mule.common.metadata.DefaultSimpleMetaDataModel">
                <dataType>BOOLEAN</dataType>
                <metaDataModelPropertiesManager>
                  <properties/>
                </metaDataModelPropertiesManager>
              </model>
              <accessType>READ_WRITE</accessType>
              <metaDataFieldPropertyManager>
                <properties>
                  <org.mule.common.metadata.field.property.dsql.DsqlSelectMetaDataFieldProperty/>
                  <org.mule.common.metadata.field.property.dsql.DsqlWhereMetaDataFieldProperty/>
                  <org.mule.common.metadata.field.property.dsql.DsqlOrderMetaDataFieldProperty/>
                  <org.mule.common.metadata.field.property.dsql.DsqlQueryOperatorsMetaDataFieldProperty>
                    <supportedOperators class="java.util.Arrays$ArrayList">
                      <a class="org.mule.common.query.expression.Operator-array">
                        <org.mule.common.query.expression.EqualsOperator/>
                        <org.mule.common.query.expression.NotEqualsOperator/>
                      </a>
                    </supportedOperators>
                  </org.mule.common.metadata.field.property.dsql.DsqlQueryOperatorsMetaDataFieldProperty>
                </properties>
              </metaDataFieldPropertyManager>
            </org.mule.common.metadata.DefaultMetaDataField>
          </fields>
          <clazzName>com.netsuite.webservices.platform.core.SearchBooleanField</clazzName>
          <isInterface>false</isInterface>
          <name>SearchBooleanField</name>
          <parentNames>
            <string>java.lang.Object</string>
            <string>java.io.Serializable</string>
          </parentNames>
        </model>
        <accessType>READ_WRITE</accessType>
        <metaDataFieldPropertyManager>
          <properties>
            <org.mule.common.metadata.field.property.dsql.DsqlSelectMetaDataFieldProperty/>
            <org.mule.common.metadata.field.property.dsql.DsqlWhereMetaDataFieldProperty/>
            <org.mule.common.metadata.field.property.dsql.DsqlOrderMetaDataFieldProperty/>
            <org.mule.common.metadata.field.property.dsql.DsqlQueryOperatorsMetaDataFieldProperty>
              <supportedOperators/>
            </org.mule.common.metadata.field.property.dsql.DsqlQueryOperatorsMetaDataFieldProperty>
          </properties>
        </metaDataFieldPropertyManager>
      </org.mule.common.metadata.DefaultMetaDataField>
      <org.mule.common.metadata.DefaultMetaDataField>
        <name>orderDate</name>
        <model class="org.mule.common.metadata.DefaultPojoMetaDataModel" reference="../../org.mule.common.metadata.DefaultMetaDataField[7]/model"/>
        <accessType>READ_WRITE</accessType>
        <metaDataFieldPropertyManager>
          <properties>
            <org.mule.common.metadata.field.property.dsql.DsqlSelectMetaDataFieldProperty/>
            <org.mule.common.metadata.field.property.dsql.DsqlWhereMetaDataFieldProperty/>
            <org.mule.common.metadata.field.property.dsql.DsqlOrderMetaDataFieldProperty/>
            <org.mule.common.metadata.field.property.dsql.DsqlQueryOperatorsMetaDataFieldProperty>
              <supportedOperators/>
            </org.mule.common.metadata.field.property.dsql.DsqlQueryOperatorsMetaDataFieldProperty>
          </properties>
        </metaDataFieldPropertyManager>
      </org.mule.common.metadata.DefaultMetaDataField>
      <org.mule.common.metadata.DefaultMetaDataField>
        <name>orderType</name>
        <model class="org.mule.common.metadata.DefaultPojoMetaDataModel" reference="../../org.mule.common.metadata.DefaultMetaDataField[2]/model"/>
        <accessType>READ_WRITE</accessType>
        <metaDataFieldPropertyManager>
          <properties>
            <org.mule.common.metadata.field.property.dsql.DsqlSelectMetaDataFieldProperty/>
            <org.mule.common.metadata.field.property.dsql.DsqlWhereMetaDataFieldProperty/>
            <org.mule.common.metadata.field.property.dsql.DsqlOrderMetaDataFieldProperty/>
            <org.mule.common.metadata.field.property.dsql.DsqlQueryOperatorsMetaDataFieldProperty>
              <supportedOperators/>
            </org.mule.common.metadata.field.property.dsql.DsqlQueryOperatorsMetaDataFieldProperty>
          </properties>
        </metaDataFieldPropertyManager>
      </org.mule.common.metadata.DefaultMetaDataField>
      <org.mule.common.metadata.DefaultMetaDataField>
        <name>quantity</name>
        <model class="org.mule.common.metadata.DefaultPojoMetaDataModel">
          <implementationClass>com.netsuite.webservices.platform.core.SearchDoubleField</implementationClass>
          <dataType>POJO</dataType>
          <metaDataModelPropertiesManager>
            <properties/>
          </metaDataModelPropertiesManager>
          <fields>
            <org.mule.common.metadata.DefaultMetaDataField>
              <name>operator</name>
              <model class="org.mule.common.metadata.DefaultSimpleMetaDataModel">
                <dataType>ENUM</dataType>
                <metaDataModelPropertiesManager>
                  <properties/>
                </metaDataModelPropertiesManager>
              </model>
              <accessType>READ_WRITE</accessType>
              <metaDataFieldPropertyManager>
                <properties>
                  <org.mule.common.metadata.field.property.dsql.DsqlSelectMetaDataFieldProperty/>
                  <org.mule.common.metadata.field.property.dsql.DsqlWhereMetaDataFieldProperty/>
                  <org.mule.common.metadata.field.property.dsql.DsqlOrderMetaDataFieldProperty/>
                  <org.mule.common.metadata.field.property.dsql.DsqlQueryOperatorsMetaDataFieldProperty>
                    <supportedOperators class="java.util.Arrays$ArrayList">
                      <a class="org.mule.common.query.expression.Operator-array">
                        <org.mule.common.query.expression.EqualsOperator/>
                        <org.mule.common.query.expression.NotEqualsOperator/>
                      </a>
                    </supportedOperators>
                  </org.mule.common.metadata.field.property.dsql.DsqlQueryOperatorsMetaDataFieldProperty>
                  <org.mule.common.metadata.field.property.ValidStringValuesFieldProperty>
                    <validStrings>
                      <string>BETWEEN</string>
                      <string>EMPTY</string>
                      <string>EQUAL_TO</string>
                      <string>GREATER_THAN</string>
                      <string>GREATER_THAN_OR_EQUAL_TO</string>
                      <string>LESS_THAN</string>
                      <string>LESS_THAN_OR_EQUAL_TO</string>
                      <string>NOT_BETWEEN</string>
                      <string>NOT_EMPTY</string>
                      <string>NOT_EQUAL_TO</string>
                      <string>NOT_GREATER_THAN</string>
                      <string>NOT_GREATER_THAN_OR_EQUAL_TO</string>
                      <string>NOT_LESS_THAN</string>
                      <string>NOT_LESS_THAN_OR_EQUAL_TO</string>
                    </validStrings>
                  </org.mule.common.metadata.field.property.ValidStringValuesFieldProperty>
                </properties>
              </metaDataFieldPropertyManager>
            </org.mule.common.metadata.DefaultMetaDataField>
            <org.mule.common.metadata.DefaultMetaDataField>
              <name>searchValue</name>
              <model class="org.mule.common.metadata.DefaultSimpleMetaDataModel">
                <dataType>DOUBLE</dataType>
                <metaDataModelPropertiesManager>
                  <properties/>
                </metaDataModelPropertiesManager>
              </model>
              <accessType>READ_WRITE</accessType>
              <metaDataFieldPropertyManager>
                <properties>
                  <org.mule.common.metadata.field.property.dsql.DsqlSelectMetaDataFieldProperty/>
                  <org.mule.common.metadata.field.property.dsql.DsqlWhereMetaDataFieldProperty/>
                  <org.mule.common.metadata.field.property.dsql.DsqlOrderMetaDataFieldProperty/>
                  <org.mule.common.metadata.field.property.dsql.DsqlQueryOperatorsMetaDataFieldProperty>
                    <supportedOperators>
                      <org.mule.common.query.expression.LessOperator/>
                      <org.mule.common.query.expression.LessOrEqualsOperator/>
                      <org.mule.common.query.expression.EqualsOperator/>
                      <org.mule.common.query.expression.GreaterOperator/>
                      <org.mule.common.query.expression.GreaterOrEqualsOperator/>
                      <org.mule.common.query.expression.NotEqualsOperator/>
                    </supportedOperators>
                  </org.mule.common.metadata.field.property.dsql.DsqlQueryOperatorsMetaDataFieldProperty>
                </properties>
              </metaDataFieldPropertyManager>
            </org.mule.common.metadata.DefaultMetaDataField>
            <org.mule.common.metadata.DefaultMetaDataField>
              <name>searchValue2</name>
              <model class="org.mule.common.metadata.DefaultSimpleMetaDataModel">
                <dataType>DOUBLE</dataType>
                <metaDataModelPropertiesManager>
                  <properties/>
                </metaDataModelPropertiesManager>
              </model>
              <accessType>READ_WRITE</accessType>
              <metaDataFieldPropertyManager>
                <properties>
                  <org.mule.common.metadata.field.property.dsql.DsqlSelectMetaDataFieldProperty/>
                  <org.mule.common.metadata.field.property.dsql.DsqlWhereMetaDataFieldProperty/>
                  <org.mule.common.metadata.field.property.dsql.DsqlOrderMetaDataFieldProperty/>
                  <org.mule.common.metadata.field.property.dsql.DsqlQueryOperatorsMetaDataFieldProperty>
                    <supportedOperators>
                      <org.mule.common.query.expression.LessOperator/>
                      <org.mule.common.query.expression.LessOrEqualsOperator/>
                      <org.mule.common.query.expression.EqualsOperator/>
                      <org.mule.common.query.expression.GreaterOperator/>
                      <org.mule.common.query.expression.GreaterOrEqualsOperator/>
                      <org.mule.common.query.expression.NotEqualsOperator/>
                    </supportedOperators>
                  </org.mule.common.metadata.field.property.dsql.DsqlQueryOperatorsMetaDataFieldProperty>
                </properties>
              </metaDataFieldPropertyManager>
            </org.mule.common.metadata.DefaultMetaDataField>
          </fields>
          <clazzName>com.netsuite.webservices.platform.core.SearchDoubleField</clazzName>
          <isInterface>false</isInterface>
          <name>SearchDoubleField</name>
          <parentNames>
            <string>java.lang.Object</string>
            <string>java.io.Serializable</string>
          </parentNames>
        </model>
        <accessType>READ_WRITE</accessType>
        <metaDataFieldPropertyManager>
          <properties>
            <org.mule.common.metadata.field.property.dsql.DsqlSelectMetaDataFieldProperty/>
            <org.mule.common.metadata.field.property.dsql.DsqlWhereMetaDataFieldProperty/>
            <org.mule.common.metadata.field.property.dsql.DsqlOrderMetaDataFieldProperty/>
            <org.mule.common.metadata.field.property.dsql.DsqlQueryOperatorsMetaDataFieldProperty>
              <supportedOperators/>
            </org.mule.common.metadata.field.property.dsql.DsqlQueryOperatorsMetaDataFieldProperty>
          </properties>
        </metaDataFieldPropertyManager>
      </org.mule.common.metadata.DefaultMetaDataField>
      <org.mule.common.metadata.DefaultMetaDataField>
        <name>receiptDate</name>
        <model class="org.mule.common.metadata.DefaultPojoMetaDataModel" reference="../../org.mule.common.metadata.DefaultMetaDataField[7]/model"/>
        <accessType>READ_WRITE</accessType>
        <metaDataFieldPropertyManager>
          <properties>
            <org.mule.common.metadata.field.property.dsql.DsqlSelectMetaDataFieldProperty/>
            <org.mule.common.metadata.field.property.dsql.DsqlWhereMetaDataFieldProperty/>
            <org.mule.common.metadata.field.property.dsql.DsqlOrderMetaDataFieldProperty/>
            <org.mule.common.metadata.field.property.dsql.DsqlQueryOperatorsMetaDataFieldProperty>
              <supportedOperators/>
            </org.mule.common.metadata.field.property.dsql.DsqlQueryOperatorsMetaDataFieldProperty>
          </properties>
        </metaDataFieldPropertyManager>
      </org.mule.common.metadata.DefaultMetaDataField>
      <org.mule.common.metadata.DefaultMetaDataField>
        <name>subsidiary</name>
        <model class="org.mule.common.metadata.DefaultPojoMetaDataModel" reference="../../org.mule.common.metadata.DefaultMetaDataField[2]/model"/>
        <accessType>READ_WRITE</accessType>
        <metaDataFieldPropertyManager>
          <properties>
            <org.mule.common.metadata.field.property.dsql.DsqlSelectMetaDataFieldProperty/>
            <org.mule.common.metadata.field.property.dsql.DsqlWhereMetaDataFieldProperty/>
            <org.mule.common.metadata.field.property.dsql.DsqlOrderMetaDataFieldProperty/>
            <org.mule.common.metadata.field.property.dsql.DsqlQueryOperatorsMetaDataFieldProperty>
              <supportedOperators/>
            </org.mule.common.metadata.field.property.dsql.DsqlQueryOperatorsMetaDataFieldProperty>
          </properties>
        </metaDataFieldPropertyManager>
      </org.mule.common.metadata.DefaultMetaDataField>
      <org.mule.common.metadata.DefaultMetaDataField>
        <name>units</name>
        <model class="org.mule.common.metadata.DefaultPojoMetaDataModel" reference="../../org.mule.common.metadata.DefaultMetaDataField[2]/model"/>
        <accessType>READ_WRITE</accessType>
        <metaDataFieldPropertyManager>
          <properties>
            <org.mule.common.metadata.field.property.dsql.DsqlSelectMetaDataFieldProperty/>
            <org.mule.common.metadata.field.property.dsql.DsqlWhereMetaDataFieldProperty/>
            <org.mule.common.metadata.field.property.dsql.DsqlOrderMetaDataFieldProperty/>
            <org.mule.common.metadata.field.property.dsql.DsqlQueryOperatorsMetaDataFieldProperty>
              <supportedOperators/>
            </org.mule.common.metadata.field.property.dsql.DsqlQueryOperatorsMetaDataFieldProperty>
          </properties>
        </metaDataFieldPropertyManager>
      </org.mule.common.metadata.DefaultMetaDataField>
    </fields>
    <clazzName>com.netsuite.webservices.platform.common.ItemSupplyPlanSearchBasic</clazzName>
    <isInterface>false</isInterface>
    <name>ItemSupplyPlanSearchBasic</name>
    <parentNames>
      <string>com.netsuite.webservices.platform.core.SearchRecord</string>
      <string>java.lang.Object</string>
      <string>com.netsuite.webservices.platform.core.SearchRecordBasic</string>
      <string>java.io.Serializable</string>
    </parentNames>
  </metadataModel>
</custom__type__definition>