<?xml version="1.0" encoding="UTF-8"?>
<project xmlns="http://maven.apache.org/POM/4.0.0" xmlns:xsi="http://www.w3.org/2001/XMLSchema-instance"
	xsi:schemaLocation="http://maven.apache.org/POM/4.0.0 http://maven.apache.org/xsd/maven-4.0.0.xsd">
	<modelVersion>4.0.0</modelVersion>

	<groupId>org.demo</groupId>
	<artifactId>demo</artifactId>
	<version>0.0.1-SNAPSHOT</version>
	<packaging>war</packaging>

	<name>gae</name>
	<description>Demo project</description>

	<parent>
		<groupId>org.springframework.boot</groupId>
		<artifactId>spring-boot-starter-parent</artifactId>
		<version>1.0.0.BUILD-SNAPSHOT</version>
	</parent>

	<dependencies>
		<dependency>
			<groupId>org.springframework.boot</groupId>
			<artifactId>spring-boot-starter-web</artifactId>
		</dependency>
		<dependency>
			<groupId>org.springframework.boot</groupId>
			<artifactId>spring-boot-starter-actuator</artifactId>
		</dependency>
		<dependency>
			<groupId>org.springframework.boot</groupId>
			<artifactId>spring-boot-starter-tomcat</artifactId>
			<scope>provided</scope>
		</dependency>
		<dependency>
			<groupId>org.springframework.boot</groupId>
			<artifactId>spring-boot-legacy</artifactId>
			<version>1.0.0.BUILD-SNAPSHOT</version>
		</dependency>
		<dependency>
			<groupId>net.kindleit</groupId>
			<artifactId>gae-runtime</artifactId>
			<version>${gae.version}</version>
			<type>pom</type>
		</dependency>
		<dependency>
			<groupId>org.springframework.boot</groupId>
			<artifactId>spring-boot-starter-test</artifactId>
			<scope>test</scope>
		</dependency>
		<dependency>
			<groupId>com.google.appengine</groupId>
			<artifactId>appengine-api-labs</artifactId>
			<version>${gae.version}</version>
			<scope>test</scope>
		</dependency>
		<dependency>
			<groupId>com.google.appengine</groupId>
			<artifactId>appengine-api-stubs</artifactId>
			<version>${gae.version}</version>
			<scope>test</scope>
		</dependency>
		<dependency>
			<groupId>com.google.appengine</groupId>
			<artifactId>appengine-testing</artifactId>
			<version>${gae.version}</version>
			<scope>test</scope>
		</dependency>
	</dependencies>

	<properties>
		<start-class>demo.Application</start-class>
		<project.build.sourceEncoding>UTF-8</project.build.sourceEncoding>
		<project.reporting.outputEncoding>UTF-8</project.reporting.outputEncoding>
		<java.version>1.7</java.version>
		<m2eclipse.wtp.contextRoot>/</m2eclipse.wtp.contextRoot>
		<gae.version>1.8.8</gae.version>
		<gae.home>${settings.localRepository}/com/google/appengine/appengine-java-sdk/${gae.version}/appengine-java-sdk-${gae.version}</gae.home>
		<gae.application.version>test</gae.application.version>
	</properties>

	<build>
		<plugins>
			<plugin>
				<groupId>org.springframework.boot</groupId>
				<artifactId>spring-boot-maven-plugin</artifactId>
			</plugin>
			<plugin>
				<groupId>net.kindleit</groupId>
				<artifactId>maven-gae-plugin</artifactId>
				<version>0.9.6</version>
				<dependencies>
					<dependency>
						<groupId>net.kindleit</groupId>
						<artifactId>gae-runtime</artifactId>
						<version>${gae.version}</version>
						<type>pom</type>
					</dependency>
				</dependencies>
			</plugin>
			<plugin>
				<artifactId>maven-release-plugin</artifactId>
				<configuration>
					<goals>gae:deploy</goals>
				</configuration>
			</plugin>
		</plugins>
	</build>

	<profiles>
		<!-- We can configure our integration server to activate this profile and 
			perform gae:deploy, thus uploading latest snapshot to the http://1.latest.<applicationName>.appspot.com 
			automatically -->
		<profile>
			<id>integration-build</id>
			<properties>
				<gae.application.version>stage</gae.application.version>
			</properties>
		</profile>

		<!-- This profile will activate automatically during release and upload 
			application to the http://2.latest.<applicationName>.appspot.com (We might 
			want to set the 2nd version as our applications Default version to be accessible 
			at http://<applicationName>.appspot.com) -->
		<profile>
			<id>release-build</id>
			<activation>
				<property>
					<name>performRelease</name>
					<value>true</value>
				</property>
			</activation>

			<properties>
				<!-- During release, set application version in appengine-web.xml to 
					2 -->
				<gae.application.version>release</gae.application.version>
			</properties>
		</profile>
	</profiles>

	<repositories>
		<repository>
			<id>spring-snapshots</id>
			<name>Spring Snapshots</name>
			<url>http://repo.spring.io/snapshot</url>
			<snapshots>
				<enabled>true</enabled>
			</snapshots>
		</repository>
		<repository>
			<id>spring-milestones</id>
			<name>Spring Milestones</name>
			<url>http://repo.spring.io/milestone</url>
			<snapshots>
				<enabled>false</enabled>
			</snapshots>
		</repository>
	</repositories>
	<pluginRepositories>
		<pluginRepository>
			<id>spring-snapshots</id>
			<name>Spring Snapshots</name>
			<url>http://repo.spring.io/snapshot</url>
			<snapshots>
				<enabled>true</enabled>
			</snapshots>
		</pluginRepository>
		<pluginRepository>
			<id>spring-milestones</id>
			<name>Spring Milestones</name>
			<url>http://repo.spring.io/milestone</url>
			<snapshots>
				<enabled>false</enabled>
			</snapshots>
		</pluginRepository>
	</pluginRepositories>

</project>